# ************************************************************
# Sequel Pro SQL dump
# Version 4541
#
# http://www.sequelpro.com/
# https://github.com/sequelpro/sequelpro
#
# Host: 127.0.0.1 (MySQL 5.7.28)
# Database: 2020_covback
# Generation Time: 2020-04-10 14:46:12 +0000
# ************************************************************


/*!40101 SET @OLD_CHARACTER_SET_CLIENT=@@CHARACTER_SET_CLIENT */;
/*!40101 SET @OLD_CHARACTER_SET_RESULTS=@@CHARACTER_SET_RESULTS */;
/*!40101 SET @OLD_COLLATION_CONNECTION=@@COLLATION_CONNECTION */;
/*!40101 SET NAMES utf8 */;
/*!40014 SET @OLD_FOREIGN_KEY_CHECKS=@@FOREIGN_KEY_CHECKS, FOREIGN_KEY_CHECKS=0 */;
/*!40101 SET @OLD_SQL_MODE=@@SQL_MODE, SQL_MODE='NO_AUTO_VALUE_ON_ZERO' */;
/*!40111 SET @OLD_SQL_NOTES=@@SQL_NOTES, SQL_NOTES=0 */;


# Dump of table clients
# ------------------------------------------------------------

DROP TABLE IF EXISTS `clients`;

CREATE TABLE `clients` (
  `id` char(36) COLLATE utf8mb4_unicode_ci NOT NULL,
  `social_reason` varchar(191) COLLATE utf8mb4_unicode_ci NOT NULL,
  `email` varchar(191) COLLATE utf8mb4_unicode_ci NOT NULL,
  `phone` varchar(191) COLLATE utf8mb4_unicode_ci NOT NULL,
  `owner` int(10) unsigned NOT NULL,
  `user_id` int(10) unsigned NOT NULL,
  `status` tinyint(4) NOT NULL DEFAULT '0' COMMENT '0: draft; -1: blocked; 1: enabled',
  `type` tinyint(3) unsigned NOT NULL DEFAULT '1' COMMENT '1: normal; 2: reseller',
  `created_at` timestamp NULL DEFAULT NULL,
  `updated_at` timestamp NULL DEFAULT NULL,
  `deleted_at` timestamp NULL DEFAULT NULL,
  PRIMARY KEY (`id`),
  UNIQUE KEY `clients_email_unique` (`email`),
  KEY `clients_owner_foreign` (`owner`),
  KEY `clients_user_id_foreign` (`user_id`),
  KEY `clients_status_index` (`status`),
  KEY `clients_type_index` (`type`),
  CONSTRAINT `clients_owner_foreign` FOREIGN KEY (`owner`) REFERENCES `users` (`id`),
  CONSTRAINT `clients_user_id_foreign` FOREIGN KEY (`user_id`) REFERENCES `users` (`id`)
) ENGINE=InnoDB DEFAULT CHARSET=utf8mb4 COLLATE=utf8mb4_unicode_ci;

LOCK TABLES `clients` WRITE;
/*!40000 ALTER TABLE `clients` DISABLE KEYS */;

INSERT INTO `clients` (`id`, `social_reason`, `email`, `phone`, `owner`, `user_id`, `status`, `type`, `created_at`, `updated_at`, `deleted_at`)
VALUES
	('077fc52f-bb72-34ce-aaac-8074a38e6d83','Grimes, Strosin and Toy','admin@alisadomain.com','654.929.1068 x5941',2,1,1,1,'2020-03-01 02:48:21','2020-03-01 02:48:21',NULL),
	('17d5e808-b9c4-388e-857c-ee5ef2e632de','Nikolaus LLC','loy85@example.com','1-492-432-3115 x042',1,1,1,2,'2020-03-01 02:48:21','2020-03-01 02:48:21',NULL),
	('3de531d9-750c-3342-baca-96d8ae72e964','Green-Dooley','vvonrueden@example.org','1-306-213-7370 x968',2,2,1,1,'2020-03-01 02:48:21','2020-03-01 02:48:21',NULL),
	('49cdeed3-7fa2-3495-8d47-cd2bf80d0154','Brown Group','laron56@example.com','447.209.1622',1,3,1,2,'2020-03-01 02:48:21','2020-03-01 02:48:21',NULL),
	('4b572c06-5747-4ffc-94ee-53af53693f8d','Cliente Luis 1','clienteLuis1@gmail.com','1234567',9,9,0,1,'2020-03-22 19:12:05','2020-03-22 19:12:05',NULL),
	('718be0a0-fb95-4adc-90cf-904500c342ed','cliente juan 1','cjuan1@gmail.com','38399929',12,12,0,1,'2020-03-23 07:51:56','2020-03-23 07:51:56',NULL),
	('7ae12e1f-24d4-4629-a0be-51733198c92e','cliente21','cliente21@gmail.com','123456',2,2,0,1,'2020-03-21 06:29:23','2020-03-21 06:29:28','2020-03-21 06:29:28'),
	('7d4a806f-0918-3319-b008-473d3d90477c','Hamill and Sons','katelyn.padberg@example.org','(729) 322-8939 x258',2,3,1,1,'2020-03-01 02:48:21','2020-03-01 02:48:21',NULL),
	('938a6de1-beea-39a8-bf4c-94ac19959607','Tillman-Mante','tyreek.deckow@example.com','+19894262605',1,3,1,2,'2020-03-01 02:48:20','2020-03-01 02:48:20',NULL),
	('993998ef-268e-46f6-a5de-044139d783c7','Cliente Luis 2','clienteLuis2@gmail.com','12345678',9,9,0,1,'2020-03-22 19:15:09','2020-03-22 19:15:09',NULL),
	('a89125ea-1fe1-3335-89f3-c4572bef5df3','Kohler Group','reseller@alisadomain.com','281-605-7603 x541',1,3,1,2,'2020-03-01 02:48:20','2020-03-01 02:48:20',NULL),
	('ac78d620-9de8-4d13-931d-c83b9efb23c1','Empresa Luis1','luis@gmail.com','79644092',1,1,0,2,'2020-03-22 18:42:44','2020-03-22 18:42:44',NULL),
	('bb792327-0154-33f8-8cc0-6f1f50e0b2ff','Frami-Smitham','kassulke.madelyn@example.com','619-743-9447',2,2,1,1,'2020-03-01 02:48:21','2020-03-01 02:48:21',NULL),
	('d95989ce-d9c6-31b5-8fe5-0806c2d570c9','Steuber Ltd','xwaelchi@example.net','325-514-8841 x4987',2,2,1,1,'2020-03-01 02:48:21','2020-03-01 02:48:21',NULL),
	('da9ff8c3-769b-4407-8fd0-e340b2a8b243','Empresa Juan3','juan.c.c.q1@gmail.com','76247179',1,1,0,2,'2020-03-23 07:23:48','2020-03-23 07:23:48',NULL),
	('eaed4d5b-dea0-4cff-a2a7-fec5d6ea2612','Empresa Juan','juan.c.c.q@gmail.com','76247179',1,1,0,2,'2020-03-20 21:48:22','2020-03-20 21:48:22',NULL),
	('f5b23f94-617b-3e47-8375-6f46e1721a2f','Cremin-Abbott','maud47@example.com','+1-665-710-4448',2,1,1,1,'2020-03-01 02:48:21','2020-03-01 02:48:21',NULL),
	('fec5ffd0-ff97-4305-b1c6-56763308ff51','Empresa Juan2','juan_c_c_q@yahoo.es','76247179',1,1,0,2,'2020-03-21 20:38:13','2020-03-21 20:38:13',NULL);

/*!40000 ALTER TABLE `clients` ENABLE KEYS */;
UNLOCK TABLES;


# Dump of table ficha_pacientes
# ------------------------------------------------------------

DROP TABLE IF EXISTS `ficha_pacientes`;

CREATE TABLE `ficha_pacientes` (
  `id` char(36) COLLATE utf8mb4_unicode_ci NOT NULL,
  `fecha_registro` datetime NOT NULL,
  `medico_id` char(36) COLLATE utf8mb4_unicode_ci NOT NULL,
  `paciente_id` char(36) COLLATE utf8mb4_unicode_ci NOT NULL,
  `municipio_id` char(36) COLLATE utf8mb4_unicode_ci NOT NULL,
  `enfermedades_antecedentes` text COLLATE utf8mb4_unicode_ci NOT NULL,
  `medicacion_actual` text COLLATE utf8mb4_unicode_ci,
  `seguro_salud` varchar(191) COLLATE utf8mb4_unicode_ci DEFAULT NULL,
  `convivientes` text COLLATE utf8mb4_unicode_ci NOT NULL,
  `contacto_personas` text COLLATE utf8mb4_unicode_ci NOT NULL,
  `sintomas` varchar(191) COLLATE utf8mb4_unicode_ci NOT NULL,
  `diagnostico` varchar(191) COLLATE utf8mb4_unicode_ci NOT NULL,
  `conducta` text COLLATE utf8mb4_unicode_ci NOT NULL,
  `seguimiento_paciente` text COLLATE utf8mb4_unicode_ci NOT NULL,
  `observaciones` text COLLATE utf8mb4_unicode_ci NOT NULL,
  `calles_frecuentadas` text COLLATE utf8mb4_unicode_ci NOT NULL,
  `calles_lat_lng` multipoint DEFAULT NULL,
  `created_at` timestamp NULL DEFAULT NULL,
  `updated_at` timestamp NULL DEFAULT NULL,
  PRIMARY KEY (`id`),
  KEY `ficha_pacientes_medico_id_foreign` (`medico_id`),
  KEY `ficha_pacientes_paciente_id_foreign` (`paciente_id`),
  KEY `ficha_pacientes_municipio_id_foreign` (`municipio_id`),
  CONSTRAINT `ficha_pacientes_medico_id_foreign` FOREIGN KEY (`medico_id`) REFERENCES `medicos` (`id`),
  CONSTRAINT `ficha_pacientes_municipio_id_foreign` FOREIGN KEY (`municipio_id`) REFERENCES `municipios` (`id`),
  CONSTRAINT `ficha_pacientes_paciente_id_foreign` FOREIGN KEY (`paciente_id`) REFERENCES `pacientes` (`id`)
) ENGINE=InnoDB DEFAULT CHARSET=utf8mb4 COLLATE=utf8mb4_unicode_ci;

LOCK TABLES `ficha_pacientes` WRITE;
/*!40000 ALTER TABLE `ficha_pacientes` DISABLE KEYS */;

INSERT INTO `ficha_pacientes` (`id`, `fecha_registro`, `medico_id`, `paciente_id`, `municipio_id`, `enfermedades_antecedentes`, `medicacion_actual`, `seguro_salud`, `convivientes`, `contacto_personas`, `sintomas`, `diagnostico`, `conducta`, `seguimiento_paciente`, `observaciones`, `calles_frecuentadas`, `calles_lat_lng`, `created_at`, `updated_at`)
VALUES
	('00b649bc-0de7-4b56-9395-9b5eb6b5eac6','1979-05-06 17:40:23','b0e75396-d750-48ef-bf1c-34dda64d43de','d88c93ab-581f-4877-997e-bc6e06d5f590','3','Odio illum repellendus architecto veritatis.','Adipisci sunt et deserunt omnis rerum inventore quia.','Perspiciatis architecto eos iste cumque est.','Ex sint ipsum fugiat quo officia est quaerat nihil.','Voluptas consequatur voluptatem exercitationem facilis animi.','DIFICULTAD PARA RESPIRAR','PROBABLE COVID SINTOMAS SEVEROS','Similique occaecati neque rerum rem officiis.','Nihil dicta ipsam officia dolores.','Exercitationem est sit officia laborum cumque explicabo fuga.','Accusamus dicta excepturi odio autem corporis aut.',NULL,'2020-04-10 14:16:53','2020-04-10 14:16:53'),
	('033e79ec-4e04-4fac-a5c5-55192b8260d1','1989-05-28 02:55:34','ec952281-cab8-42f4-860f-6f02a1db5b92','d88c93ab-581f-4877-997e-bc6e06d5f590','1','Quasi est ut quis veniam.','Consequuntur neque laboriosam cum autem iusto magnam perferendis.','Incidunt aut aliquam animi facere repellendus delectus.','Reprehenderit est odio laudantium sit quia vel.','Eos consequatur dolorum quos reprehenderit qui.','MEDICACIÓN QUE TOMO PARA LOS SINTOMAS','NO COVID19','Est fugiat beatae magnam non quisquam.','Perferendis voluptatem enim laborum.','Necessitatibus voluptatem molestias pariatur soluta modi consequatur eaque.','Veritatis eaque odio tempora earum saepe aut cupiditate accusamus.',NULL,'2020-04-10 14:16:53','2020-04-10 14:16:53'),
	('04b77cb1-f1b0-4946-a75b-3469c64eccfe','2017-04-17 05:03:18','f7aabf52-f744-48be-a029-937d1ab2bed3','64934779-d04a-4ce4-b79c-b40413a88a55','4','Illum harum eum eum quis magnam ipsam dolorum alias.','Corrupti veritatis et et quia amet ipsam aut.','Hic voluptas at quam consequatur quidem ab corrupti.','Consectetur nemo dolorem odit nihil.','Voluptatum explicabo similique veniam necessitatibus aut sunt qui praesentium.','DOLOR DE GARGANTA','PROBABLE COVID SINTOMAS LEVES A MODERADOS','Magni ut fugit quia nam laboriosam cum hic.','Veritatis illum commodi magni delectus.','Qui id in ut officiis.','Recusandae ut sed repellendus velit et inventore voluptatem.',NULL,'2020-04-10 14:16:53','2020-04-10 14:16:53'),
	('0677b8c0-20d2-448d-9d9b-1c9d25c11c9f','1971-09-21 14:40:06','e954dc81-9336-482f-b881-2f37b3505efd','21067918-1918-452f-8d00-ad990dda2202','4','Quis in id ab incidunt nobis iure.','Sint molestiae nostrum quos ullam in illum.','Vel saepe et quam deleniti.','Rem ab error sint consequatur.','Corrupti dicta ad illo voluptatum harum.','MEDICACIÓN QUE TOMO PARA LOS SINTOMAS','PROBABLE COVID SINTOMAS SEVEROS','Autem nemo aperiam vero aliquam beatae voluptates sit.','Impedit id distinctio dignissimos alias quia sed recusandae.','Sit consequatur est nobis rerum.','Cupiditate similique molestiae vel temporibus in laborum velit.',NULL,'2020-04-10 14:16:53','2020-04-10 14:16:53'),
	('09e806ad-fc97-4526-9732-12c03580b3c0','1976-12-19 02:36:54','2815a5db-def2-40c7-bd7c-1d8be6d66cd8','d7beedba-1442-4f10-8841-0a4f6dd34185','1','Exercitationem id voluptatum eos.','Veniam fugiat exercitationem enim omnis.','Architecto numquam quia quia cumque odio illo.','Recusandae sint et debitis nulla quia.','Consequatur iusto et voluptas odio eveniet magni rerum.','OTROS','PROBABLE COVID SINTOMAS SEVEROS','Excepturi ullam accusantium iure sapiente.','Adipisci ex sit est sed ex.','Quis rerum aliquid dolor vitae accusantium.','Pariatur id ab sed.',NULL,'2020-04-10 14:16:53','2020-04-10 14:16:53'),
	('0c6c9682-1e5b-4ffb-8901-c5e74cfcd77f','2020-02-15 11:14:01','8d7e81d3-de9a-4f6a-9180-5719db4f9dd1','9ee0e5e5-2d8d-4ebb-83c0-7b70b4c6dd1c','1','Delectus voluptatibus ducimus aut qui dolor temporibus non.','Enim ipsum nihil sapiente et sunt repudiandae voluptas dolores.','Pariatur quibusdam aut iusto et.','Blanditiis dolores placeat cupiditate quia qui tempore.','Amet id temporibus maxime suscipit natus qui.','DOLOR DEL CUERPO','PROBABLE COVID SINTOMAS SEVEROS','Voluptates placeat nostrum quo.','Est placeat quia illo quo nemo error.','Ut rerum consequatur in est et sed.','Non at quia dignissimos reprehenderit nemo quis quam delectus.',NULL,'2020-04-10 14:16:53','2020-04-10 14:16:53'),
	('0d5b26ce-b266-4673-80f0-164b40ac7069','1971-04-27 21:59:12','a58e2210-f786-476b-bd21-e3a374c459a0','2f328a60-cf25-4e4a-a1ab-9c18d5bb5ac7','3','Rerum recusandae dolorem dolor harum est delectus eos.','Voluptas molestiae minus et tempora quasi quis et quaerat.','Omnis vitae sequi libero dolores voluptatem.','Rerum maiores excepturi optio voluptate.','Et maxime cum et quam.','PERDIDA DEL OLFATO Y/O GUSTO','PROBABLE COVID SINTOMAS SEVEROS','Distinctio et quis ut accusantium.','Et dolore alias fugit dicta ea ut.','Consequuntur ut omnis distinctio.','Expedita sed odit vel autem aut repellendus quisquam qui.',NULL,'2020-04-10 14:16:53','2020-04-10 14:16:53'),
	('0fff2715-2ab4-4109-99f7-3a7cd94bb8b8','1996-04-05 12:12:01','396c8e10-d1d0-4ee5-9113-4eb8acaf891f','2c776890-1400-4efb-a8a8-f97e14beb8d2','3','Et officiis laudantium dolorem est et blanditiis et.','Est tempora assumenda vitae pariatur quia deleniti.','Sit sit provident eaque est omnis.','Qui et et dicta ut ut maiores accusantium.','Iure sit voluptas deleniti officia culpa architecto fuga.','DOLOR DE GARGANTA','PROBABLE COVID SINTOMAS LEVES A MODERADOS','Facilis molestiae rem quisquam.','Temporibus accusamus excepturi laboriosam est aperiam sequi ut.','Aut totam ut fugiat dolor quis non.','Et sunt qui similique quod.',NULL,'2020-04-10 14:16:53','2020-04-10 14:16:53'),
	('106f7c23-7073-4bb6-abbc-420546fdd193','1981-08-06 06:00:01','87bffa6d-cc99-4e3e-8d26-d854571a8962','c00ea2cb-44df-4c43-a80c-0b63a0cc1eaa','3','Officia qui pariatur ut ullam.','Totam non nihil a nostrum laborum.','Aspernatur itaque sunt officiis ut omnis dolore voluptatum esse.','Et eum eos unde velit delectus excepturi vero.','Autem sit nihil eos placeat sit velit enim aut.','PERDIDA DEL OLFATO Y/O GUSTO','NO COVID19','Dicta mollitia voluptas nemo perspiciatis architecto.','Architecto aliquam quis omnis aut dolore.','Et enim temporibus et odit ut aut et.','Qui nam et aspernatur quis eum.',NULL,'2020-04-10 14:16:53','2020-04-10 14:16:53'),
	('10b08a9f-dd17-455e-be3a-82aa83b9ac04','2003-11-29 08:48:02','8c518046-b2ac-475d-b461-d76ad2b298cd','05b73eae-b373-4067-bcc4-ea992abe5c28','4','Consequatur ut quidem eius.','Iusto in architecto voluptates tenetur impedit.','Asperiores dolore occaecati ratione est accusamus sequi impedit quasi.','Voluptas a voluptatem voluptas dolores adipisci rerum assumenda.','Ea praesentium est iusto mollitia ut voluptatum rem natus.','TOS','PROBABLE COVID SINTOMAS LEVES A MODERADOS','Dignissimos omnis natus repudiandae et voluptas.','Nesciunt nihil dolor voluptatem odit corrupti.','In perspiciatis fugiat cupiditate sunt voluptatum omnis.','Omnis optio provident ea omnis quas corrupti.',NULL,'2020-04-10 14:16:53','2020-04-10 14:16:53'),
	('10be2a22-0ac0-4785-b11d-39b005977f57','2004-09-28 13:17:34','8c518046-b2ac-475d-b461-d76ad2b298cd','09cf7e51-4d2f-4a91-8d8c-ca127b3f149d','3','Nesciunt occaecati ullam qui sunt et et facere et.','Quis aut maxime maxime dignissimos rerum qui.','Impedit voluptates quod est quia tempora doloribus ab voluptas.','Quod necessitatibus magni suscipit.','Repudiandae officiis maiores quia minima.','TIEMPO DE EVOLUCIÓN DE LOS SINTOMAS','NO COVID19','Dolor blanditiis qui sit tenetur.','Maiores aut sit amet exercitationem autem odit.','Recusandae accusamus laborum temporibus id quaerat.','Consequatur atque enim natus illum vel.',NULL,'2020-04-10 14:16:53','2020-04-10 14:16:53'),
	('11de56ff-188b-4fec-8eb9-170e257347a7','2005-10-21 11:10:40','9a5e8b4b-56f1-48a5-886f-43d865403662','ddee929d-b842-4d3c-a389-85718c7a592e','2','Velit aliquam laudantium nihil quam.','Voluptas quia velit praesentium inventore sunt.','Unde sunt aut sed rerum voluptatem.','Quidem qui nemo tempore repellat.','Ea laboriosam in ipsam vero voluptatum expedita in.','TOS','PROBABLE COVID SINTOMAS SEVEROS','Suscipit est corporis quam veniam velit id vel.','Odio voluptatem nihil qui id.','Vero officia magni velit id architecto quibusdam.','Mollitia voluptatum possimus sed quo qui.',NULL,'2020-04-10 14:16:53','2020-04-10 14:16:53'),
	('148b4904-24b6-4e54-ac97-74675344aad9','2012-06-07 05:45:27','5be199e5-c73f-4429-ada6-ba7292ecbca2','203836fb-9484-47ce-aa64-4d22a93fcca4','2','Sit similique quis itaque quas distinctio hic.','Ad quo dolores quia aut voluptatem sed et nemo.','Laudantium nemo necessitatibus minima nostrum adipisci et.','Voluptas distinctio iusto voluptas et.','Minus et ut qui earum.','DIFICULTAD PARA RESPIRAR','NO COVID19','Harum magnam expedita laborum.','Enim ut itaque omnis facilis.','Explicabo eligendi ullam cum incidunt.','Autem ut totam atque quia.',NULL,'2020-04-10 14:16:53','2020-04-10 14:16:53'),
	('16e126bf-45f2-4668-889f-96a920430d84','1972-07-10 20:34:12','173ec638-6b15-4f81-a86d-cc32cd9bf75f','9c5d6bab-2dda-492b-b770-721c055fd078','4','Sit accusamus velit sed est et dicta tempore.','Tempore est ut optio reprehenderit nesciunt sapiente omnis illum.','Repellat quo qui similique nostrum.','Voluptatem et asperiores iste rerum.','Corporis saepe omnis voluptatibus molestiae non.','MALESTAR GENERAL','PROBABLE COVID SINTOMAS LEVES A MODERADOS','Minima eveniet ut aut consequatur.','Aut explicabo neque consequatur nisi quo explicabo voluptatem.','Sint fugit asperiores nostrum eveniet laudantium.','Nisi repudiandae assumenda repellendus.',NULL,'2020-04-10 14:16:53','2020-04-10 14:16:53'),
	('1764afd0-d7e2-484e-93ae-ff538878c26c','1990-10-08 22:56:39','6243d2e6-0c08-4df8-96a7-2bab645f2588','08fa5b9e-d5b3-4871-82fe-7a5cead559c8','2','Ut dolores nemo voluptatem exercitationem ducimus.','Eos quasi quae et sit.','Distinctio cupiditate eos saepe reprehenderit et blanditiis.','Qui ut aut nihil ut quam qui aut a.','Labore ex veritatis reprehenderit.','TOS','PROBABLE COVID SINTOMAS LEVES A MODERADOS','Sunt in saepe nulla est dolor.','Dolorem nam occaecati culpa id.','Adipisci et asperiores omnis quos.','Culpa dolores omnis architecto vel ut pariatur aut porro.',NULL,'2020-04-10 14:16:53','2020-04-10 14:16:53'),
	('179a8337-3805-4c32-bdd8-3d591d4d675a','2002-04-22 00:54:10','89f014d1-be76-453e-84e8-86d26c0f6900','05b73eae-b373-4067-bcc4-ea992abe5c28','2','Ullam nesciunt consequuntur reiciendis accusantium quibusdam omnis.','Consequuntur eius dolore est facilis quisquam necessitatibus.','Quo veniam qui et consectetur ut qui cumque.','Magnam est at et reprehenderit aperiam.','Eos iste provident fuga.','FIEBRE Y ESCALOFRÍOS','PROBABLE COVID SINTOMAS SEVEROS','Dicta voluptatem vel voluptas numquam repellendus.','Consequatur iure dolore facilis aut assumenda illo sequi voluptates.','Ipsa voluptas quod placeat cumque rerum culpa molestiae.','Praesentium ut est et totam totam commodi.',NULL,'2020-04-10 14:16:53','2020-04-10 14:16:53'),
	('187708cc-ad95-43f8-b6ff-408cb3605777','1978-06-21 20:07:56','b0e75396-d750-48ef-bf1c-34dda64d43de','3faf2f47-d690-4ca0-a213-6d61ccf2dba9','3','Quis asperiores nesciunt ea est voluptas.','Ut nisi qui exercitationem velit.','Minus quas corporis ipsa est nesciunt nisi ipsam.','Ipsam quidem architecto dolores eveniet sapiente perferendis quod.','Voluptates voluptatem laudantium autem aspernatur inventore quisquam vel.','DOLOR DE GARGANTA','PROBABLE COVID SINTOMAS SEVEROS','Optio libero qui corporis et et veritatis incidunt.','Sed modi consequuntur quibusdam ut eaque aut totam quia.','Temporibus possimus voluptatem dolorum animi recusandae nisi modi.','Quisquam suscipit ipsam qui corrupti illum quibusdam similique.',NULL,'2020-04-10 14:16:53','2020-04-10 14:16:53'),
	('1a739fff-c477-4c01-944e-a80d93def90b','2004-02-09 21:30:11','9d0e6522-b8e6-4b33-91e2-83175cf91628','d3acb550-7cc4-40e0-852b-cf5343b9b2fe','2','Fugiat iste fugit ut tempora nostrum facilis sit consequatur.','Consequatur vel architecto laborum id.','Molestias commodi beatae ea reiciendis quia earum ullam.','Qui dolorem recusandae id eaque.','Est rerum qui est eos.','PERDIDA DEL OLFATO Y/O GUSTO','PROBABLE COVID SINTOMAS SEVEROS','Eum qui et et aut.','Quia repudiandae labore similique aut ad.','Repudiandae maiores alias omnis id voluptatibus.','Velit atque ratione doloremque iste suscipit non.',NULL,'2020-04-10 14:16:53','2020-04-10 14:16:53'),
	('1b1be82b-5a8b-4c8b-968f-ea035cf91ce0','2001-06-16 05:12:27','5be199e5-c73f-4429-ada6-ba7292ecbca2','ff887e4d-b8fe-4e10-b1d8-de048004afe3','2','Illum est in illum consequatur doloribus dolores.','Quibusdam maiores quasi ducimus.','Sit vitae nam recusandae eaque facere.','Repellendus tenetur et provident aut.','Ipsam aut ullam in.','PERDIDA DEL OLFATO Y/O GUSTO','PROBABLE COVID SINTOMAS SEVEROS','In soluta voluptas error sed.','Saepe nihil nesciunt vitae quos nihil et.','Facere eum aliquid et vero omnis ea.','Nobis officia voluptas tempora minima.',NULL,'2020-04-10 14:16:53','2020-04-10 14:16:53'),
	('1bb2d5c7-5a76-41ab-94f1-30695a552a77','1992-09-24 16:25:16','efe4907b-f51f-4416-94c6-8f1fc32839e2','1af9871d-acea-4739-84e7-5756c23a426e','1','Deleniti et et qui alias est.','Et quia corrupti cumque iusto eos voluptas.','Quia dolores delectus nam est.','Quas et amet quia porro enim porro quisquam.','Inventore ullam quia beatae commodi quia.','MALESTAR GENERAL','PROBABLE COVID SINTOMAS LEVES A MODERADOS','Dignissimos quia voluptatem mollitia aut aut recusandae.','Distinctio soluta sed occaecati repellendus voluptatem quam.','Esse error quia quis dolorem.','Voluptatem fugiat alias ex quo.',NULL,'2020-04-10 14:16:53','2020-04-10 14:16:53'),
	('1dbf29ed-fbd8-403d-9f13-5a23871ccde9','2011-07-21 12:54:33','2d83c2c8-d1e0-46b2-8df9-df9a57c4ee2d','64934779-d04a-4ce4-b79c-b40413a88a55','2','Excepturi hic ut consequatur eius.','Odio ipsa autem suscipit sit nisi placeat voluptatibus.','Illum sit autem voluptas voluptatem sunt est.','Qui cum voluptatem animi dolores dolorem labore.','Explicabo et est ad qui sint sunt pariatur.','PERDIDA DEL OLFATO Y/O GUSTO','PROBABLE COVID SINTOMAS LEVES A MODERADOS','Voluptatem soluta voluptatum voluptas quis.','Earum sunt exercitationem unde et quidem.','Eum repellat porro delectus.','Est vitae laudantium harum numquam totam maxime.',NULL,'2020-04-10 14:16:53','2020-04-10 14:16:53'),
	('216a16aa-4e9e-475c-ba2e-02e8efb4dc6d','1992-01-14 00:12:40','46b312c3-8b39-4e16-8476-01b41ccddd68','3632052c-01c7-4dfb-bf8e-ef1a44cab318','1','Necessitatibus quo alias quasi iure unde.','Voluptatem a dignissimos sed repudiandae.','Magni omnis qui consequuntur.','Reiciendis voluptatem repudiandae iste qui facere perferendis impedit.','Et aperiam et harum officiis rerum sit.','MALESTAR GENERAL','NO COVID19','Est est ratione nemo tenetur.','Repudiandae rerum consectetur expedita esse similique hic quibusdam voluptate.','Sit fuga tenetur tempore sunt cumque dolor itaque maiores.','Ut voluptas expedita inventore cupiditate placeat perspiciatis quia est.',NULL,'2020-04-10 14:16:53','2020-04-10 14:16:53'),
	('2180ab58-9d52-4047-9ea9-75e179f93fe4','1981-01-20 02:21:58','f6584de4-3fab-41a0-86f1-6bf64e11eb6a','f1168f5c-ff79-4c25-af36-aa914e059efb','1','Eveniet architecto omnis ut debitis quo voluptatem perferendis.','Ratione sit ipsam sint est eveniet inventore.','Maxime aspernatur aut atque est modi perferendis quae vel.','Iste amet iusto impedit labore sapiente totam.','Sint quas laborum tenetur autem tenetur quo nesciunt.','OTROS','PROBABLE COVID SINTOMAS LEVES A MODERADOS','Sequi corrupti dolores consequuntur delectus debitis.','Vel aut cupiditate eaque rem praesentium doloribus blanditiis.','Consequatur ullam et recusandae tempore quae.','Repellendus est ut assumenda incidunt.',NULL,'2020-04-10 14:16:53','2020-04-10 14:16:53'),
	('22e7bd6a-1149-44ae-beda-94e58f7ebaec','2010-09-15 11:12:06','87bffa6d-cc99-4e3e-8d26-d854571a8962','cd15706a-007d-46e6-9b1b-fcfef2322bdd','1','Consequatur nesciunt numquam porro corrupti voluptatem expedita.','Laboriosam similique quis est ad aut aut excepturi.','Reprehenderit facere harum architecto quasi.','Incidunt quibusdam sapiente expedita vitae quis et maiores.','Qui et est tenetur et doloremque aut eaque.','MALESTAR GENERAL','PROBABLE COVID SINTOMAS SEVEROS','Quasi animi repudiandae voluptatibus repellat eum dignissimos non.','Sint incidunt similique autem et voluptatibus.','Corrupti quam aut rem quam fuga quibusdam dolorem.','Aut quo suscipit iste explicabo.',NULL,'2020-04-10 14:16:53','2020-04-10 14:16:53'),
	('252f28c8-0f02-4288-811f-eef3d5920eef','2005-02-05 07:56:42','f569959b-de21-4963-b132-31c11c90814a','606877c1-7d26-43bd-900c-0f6d22d00ff0','3','Aliquid et repellat eum voluptatem sit esse officiis.','Voluptatem molestiae eum reprehenderit doloremque.','Itaque iure velit qui voluptatem omnis atque aperiam fugit.','Officia atque sed facilis ipsa possimus ratione similique corrupti.','Molestiae fuga aut nobis eius et.','ERUPCCIÓN EN LA PIEL','PROBABLE COVID SINTOMAS LEVES A MODERADOS','Dicta eligendi quis neque reprehenderit.','Laboriosam qui omnis quibusdam voluptas quia et.','Minus totam amet dolorum quas.','Tempore odit dolores alias architecto.',NULL,'2020-04-10 14:16:53','2020-04-10 14:16:53'),
	('275d1510-11d5-4758-88df-b0235f8c390e','2017-11-09 14:32:07','6e4a1d51-2893-4b7e-a63c-7529ad471618','09cf7e51-4d2f-4a91-8d8c-ca127b3f149d','2','Corrupti debitis blanditiis praesentium totam aut et qui architecto.','Quas voluptates eos dolor quis.','Eaque magnam velit et quis enim itaque.','Sapiente fugit id odit mollitia in.','Aspernatur quod et nostrum id sint dolor.','TOS','PROBABLE COVID SINTOMAS LEVES A MODERADOS','Quos sed illo maxime fugiat.','Delectus facere delectus beatae beatae.','Fuga sunt enim quia consectetur placeat.','Ducimus aut est quasi.',NULL,'2020-04-10 14:16:53','2020-04-10 14:16:53'),
	('288f93c9-0a28-4f04-af2c-706bc54ecc0b','1993-03-19 16:26:19','f7aabf52-f744-48be-a029-937d1ab2bed3','fd37ad99-a66b-417e-98b7-0e42c96fd077','2','Quae natus porro odio iste.','Hic sed fugiat nesciunt perspiciatis.','Autem saepe ex harum totam qui.','Eum delectus quasi non voluptatem pariatur facilis.','Officiis iusto perspiciatis voluptatibus ut.','FIEBRE Y ESCALOFRÍOS','PROBABLE COVID SINTOMAS LEVES A MODERADOS','Nesciunt ducimus exercitationem quis quia.','Inventore est cupiditate voluptatem nemo.','Voluptatibus voluptatem aut animi et rerum.','Aut omnis quo nihil corrupti aut excepturi non.',NULL,'2020-04-10 14:16:53','2020-04-10 14:16:53'),
	('2942b697-64bd-4bc5-83b0-f5e36acd72fe','2012-04-23 20:56:27','f2242c94-2e7b-4fa4-8306-87f584522323','a63ef007-81f1-4814-bf09-9649150b17b8','4','Et molestias nihil vero asperiores qui deserunt impedit.','Minus id id voluptatem incidunt explicabo.','Blanditiis quod ut ea.','Excepturi sit qui dicta architecto tempora illum dolores.','Doloribus accusantium dignissimos qui ad.','DIFICULTAD PARA RESPIRAR','PROBABLE COVID SINTOMAS SEVEROS','Voluptas corporis neque ut nemo porro fuga ea.','Et culpa magni sed veniam velit aut ad.','Libero sint qui sed incidunt ratione quo est.','Necessitatibus expedita dolorem perferendis dolores officia aliquam saepe.',NULL,'2020-04-10 14:16:53','2020-04-10 14:16:53'),
	('2ac75b4b-f072-410c-87e1-b4c453206518','1986-06-11 21:51:53','173ec638-6b15-4f81-a86d-cc32cd9bf75f','19115560-ff81-4ee9-8d93-a4b552f7120d','1','Perspiciatis nobis eaque maiores atque iure blanditiis veniam.','Quibusdam sit maxime asperiores.','Quas dolorem sint sed distinctio et ex.','Blanditiis blanditiis nihil eveniet et voluptatem.','Ut quam dignissimos quia.','DOLOR DE GARGANTA','PROBABLE COVID SINTOMAS LEVES A MODERADOS','Illo dignissimos sunt quasi quis dolores recusandae.','Nemo excepturi quia quia veniam ipsa voluptas.','Accusantium aspernatur culpa officia et autem voluptas.','Voluptas illum consequatur omnis blanditiis adipisci illo rem.',NULL,'2020-04-10 14:16:53','2020-04-10 14:16:53'),
	('2ca4ce66-c610-4946-a84d-fd16fe4c4000','2015-08-18 23:11:50','baf5c4e5-cd9d-421a-82b0-f3c514b69230','68f5973b-8c45-4ff9-8941-f95012423bc7','2','Ut debitis voluptas aspernatur.','Maiores aut voluptates aut ad et laboriosam exercitationem.','Et sed atque sed porro dolores eum.','Saepe suscipit minus similique non cum ullam.','Qui excepturi provident voluptas nisi error.','TIEMPO DE EVOLUCIÓN DE LOS SINTOMAS','NO COVID19','Doloremque esse id consequatur magni eaque optio ea.','Vel saepe enim non in veniam.','Culpa et aut impedit dolorum placeat.','Et sed quo non dolores.',NULL,'2020-04-10 14:16:53','2020-04-10 14:16:53'),
	('2d422e0f-e573-4620-8b22-e70f315d4f12','1986-05-05 19:01:35','b0e75396-d750-48ef-bf1c-34dda64d43de','1f261d41-c0e0-4695-8572-4366be4c2c29','3','Eum in dolorem autem ullam sapiente.','Iure quo qui iste est.','Voluptas voluptatem modi possimus temporibus.','Non voluptatum consequatur eum in qui omnis.','Accusamus illum rerum voluptatem eos aliquam quasi aut.','TIEMPO DE EVOLUCIÓN DE LOS SINTOMAS','PROBABLE COVID SINTOMAS LEVES A MODERADOS','Qui eum et soluta ratione quis qui.','Sequi sint nam impedit magnam itaque doloribus.','Qui sed voluptatibus laboriosam laborum pariatur perspiciatis.','Illum exercitationem necessitatibus repellat nam assumenda deserunt.',NULL,'2020-04-10 14:16:53','2020-04-10 14:16:53'),
	('2f45fb93-0f16-428b-b184-bf62196d5945','1999-11-13 06:25:21','3d4c5afc-ea5b-4fb5-a687-93cf4fd66f2f','65f467b6-c20b-429a-8953-90dd502375e4','2','Saepe voluptatibus voluptatibus qui consequuntur.','Eius consectetur laborum voluptatem explicabo deserunt voluptatum.','Explicabo ab ullam enim et quia enim cupiditate.','Doloremque non eum quis eos sapiente quam omnis dolore.','Harum ut reprehenderit et tempore debitis.','TOS','NO COVID19','Nesciunt cupiditate quibusdam quae et incidunt.','Eligendi eaque illum laudantium explicabo accusantium.','Cumque autem est consectetur quae.','Aspernatur perspiciatis magnam perspiciatis voluptas tempora iure.',NULL,'2020-04-10 14:16:53','2020-04-10 14:16:53'),
	('2ffc5d90-5c88-469e-b0a3-145f823e8667','1998-04-19 01:04:41','db11411e-71ae-4a5a-82ae-cbd8b2109c74','ff887e4d-b8fe-4e10-b1d8-de048004afe3','2','Quia omnis vel et corrupti quod consequuntur.','Vero consectetur aliquam tenetur molestias aut sequi consequuntur ut.','Rerum aut in sed veritatis.','Nemo praesentium neque quas vitae in rerum dolores.','Doloribus corporis voluptas ipsum.','OTROS','PROBABLE COVID SINTOMAS LEVES A MODERADOS','Id nemo ipsa cumque rerum adipisci non.','Quaerat consequatur mollitia molestias reprehenderit ex non sed sit.','Illum quas itaque quo eveniet minima.','Magnam et id quia quia culpa molestias sed.',NULL,'2020-04-10 14:16:53','2020-04-10 14:16:53'),
	('305ad0b9-8713-4bf9-b88c-a7acc90bf607','1974-10-24 22:58:56','9d0e6522-b8e6-4b33-91e2-83175cf91628','ff887e4d-b8fe-4e10-b1d8-de048004afe3','4','Similique eveniet cupiditate dolor.','Quasi praesentium labore voluptatem quo.','Ratione provident in magnam dolores omnis reprehenderit ducimus.','Cumque quis accusamus et odit autem labore aut.','Velit non ut rerum eum.','DOLOR DE GARGANTA','PROBABLE COVID SINTOMAS LEVES A MODERADOS','Hic voluptas praesentium aspernatur illo.','Veniam et nisi enim maiores possimus voluptas.','Labore impedit quia quis nihil aut quisquam necessitatibus.','Facilis et minus doloribus consequatur vero.',NULL,'2020-04-10 14:16:53','2020-04-10 14:16:53'),
	('3339d1d5-0cea-44d8-bf4d-e13c215f77fe','1978-03-30 09:43:17','8c89a7a3-f429-433a-a93a-a3bed15f6275','cdb7ae39-4e41-4697-8800-65d7fca0390a','3','Dolores beatae id mollitia.','Et quae ut in sequi est magni.','Aspernatur sequi est enim veniam labore.','Culpa illo fugit voluptatem dolores fuga.','Nulla voluptas ea veritatis non consequatur corrupti.','OTROS','PROBABLE COVID SINTOMAS SEVEROS','Non quaerat aliquid sed sint.','Reiciendis voluptas voluptatem in.','Voluptatem sunt corporis fugit sint delectus mollitia ratione provident.','Dolor magni eum impedit et officiis dicta unde.',NULL,'2020-04-10 14:16:53','2020-04-10 14:16:53'),
	('35adae89-d8c1-47f2-a4be-66bb153486ed','2020-01-22 10:02:36','a55b9055-52a6-465c-9e3d-410ccceb1aa5','65f467b6-c20b-429a-8953-90dd502375e4','4','Hic quod delectus ut omnis perferendis.','Distinctio autem voluptate ad sint adipisci.','Et id debitis eligendi sed quia repellendus laudantium.','Repellendus quaerat et sit est exercitationem dicta.','Laudantium cumque dolorem rerum odio accusamus aliquam cumque quam.','TIEMPO DE EVOLUCIÓN DE LOS SINTOMAS','NO COVID19','Suscipit et ea provident nobis doloremque dolorem molestias.','Ut qui libero quia eveniet consequatur necessitatibus quo.','Explicabo et voluptatem id itaque et accusantium doloribus.','Repudiandae quam ad quidem incidunt et autem sint ratione.',NULL,'2020-04-10 14:16:53','2020-04-10 14:16:53'),
	('369cf56f-e82f-4b62-b9db-01450eb736e1','2004-09-03 18:08:14','2815a5db-def2-40c7-bd7c-1d8be6d66cd8','2772613e-78b5-44e4-bff2-4857cbf43420','3','Ut magni harum doloremque nulla aspernatur dolores.','Repudiandae eius reprehenderit nihil illo nisi doloribus nesciunt.','Esse tempore fuga ipsa quisquam harum magnam neque rerum.','Deserunt velit odit totam quidem consequatur libero.','Eligendi vel alias sunt a aut aliquam ad.','ERUPCCIÓN EN LA PIEL','PROBABLE COVID SINTOMAS LEVES A MODERADOS','Animi recusandae eligendi consequatur iste occaecati.','Dolores tempora hic nostrum.','Voluptas quidem voluptatem quidem impedit quaerat voluptate.','Neque laudantium ut sunt nemo.',NULL,'2020-04-10 14:16:53','2020-04-10 14:16:53'),
	('38a8bd8b-e7db-4b1e-b87b-435b2ac7df18','1989-03-03 21:50:38','d2d36a24-23d3-47e7-82fe-3033af5b5cf2','68f5973b-8c45-4ff9-8941-f95012423bc7','3','Aut ratione nulla neque dolor eveniet nam quo.','Blanditiis veritatis eligendi alias fuga debitis quia explicabo dicta.','Non cum qui ut consequatur.','Cumque tenetur laboriosam iste.','Est et ut repudiandae nemo fugiat est.','TOS','PROBABLE COVID SINTOMAS SEVEROS','Id itaque aspernatur sed quae nulla nisi minus.','Dolorem ex nihil dolor est.','Voluptates illum porro rem.','Reprehenderit omnis voluptates dignissimos sit expedita ratione architecto.',NULL,'2020-04-10 14:16:53','2020-04-10 14:16:53'),
	('39435bbd-b62e-4ef7-b35b-1844013aef5d','1986-12-15 07:10:51','8c518046-b2ac-475d-b461-d76ad2b298cd','2b276fae-255e-42cd-8a59-76955b7c2f90','3','Et ut adipisci excepturi est sapiente consequuntur deleniti.','Fuga dolorum magni quis alias odio.','Delectus fuga odio quis dolore iusto voluptatem.','Officia accusantium numquam tenetur exercitationem.','Cupiditate ipsam dignissimos ducimus neque.','DIFICULTAD PARA RESPIRAR','NO COVID19','Atque et eos dolorum perspiciatis iure nihil.','Nobis facilis saepe voluptas error sequi.','Neque fuga sequi quis aut.','Adipisci vitae ut sed autem numquam sit accusamus.',NULL,'2020-04-10 14:16:53','2020-04-10 14:16:53'),
	('3aeaf6ad-884c-4003-9510-8875e5352fbc','1991-05-08 02:02:38','2815a5db-def2-40c7-bd7c-1d8be6d66cd8','966f6133-1462-4b61-a2dc-2df3c7577fbf','4','Ut ut et suscipit iste qui excepturi.','Quia vitae in voluptatem qui.','Eius ipsam omnis sit deleniti sunt possimus.','Illum sint omnis sint veniam ipsam ratione.','Tenetur distinctio beatae aut et qui.','DOLOR DE GARGANTA','PROBABLE COVID SINTOMAS LEVES A MODERADOS','Et aut magni et repellendus pariatur aut iusto.','Laudantium soluta voluptatem nulla voluptatem deleniti.','Esse voluptatum quis minima asperiores voluptatem.','Non et sed est pariatur nostrum dolorem.',NULL,'2020-04-10 14:16:53','2020-04-10 14:16:53'),
	('3d29e086-bf10-4b5f-8d9d-d0f3689473ab','1990-10-29 17:13:16','8c89a7a3-f429-433a-a93a-a3bed15f6275','8146cad9-6f69-4031-aef5-8d7ca331a84c','1','Deserunt quia commodi quia ut et.','Voluptatem soluta facilis tempora doloribus eaque animi.','Velit deleniti distinctio est quasi dolor est ullam.','In pariatur et id quia necessitatibus sit atque.','Qui aut totam dignissimos mollitia.','PERDIDA DEL OLFATO Y/O GUSTO','PROBABLE COVID SINTOMAS LEVES A MODERADOS','Enim dolore unde minus.','Voluptatem et soluta aliquam deleniti eaque fugiat.','Quaerat soluta labore fuga id earum enim iste aperiam.','Qui et omnis cumque quo aliquid.',NULL,'2020-04-10 14:16:53','2020-04-10 14:16:53'),
	('3f35b166-89cc-437c-bebf-dce408474ff8','2008-05-04 14:50:35','91e7c2ad-a864-4e13-a653-856663f991d9','0d7d84eb-64c7-469f-a507-dc1eacb3c05c','2','Quo consequatur consequatur amet et.','Consequuntur est aut nostrum non dolorem quam.','Rerum nulla velit non ut aut soluta.','Sed error rem et officia ipsa.','Molestiae et fuga voluptas maiores voluptas molestiae.','MALESTAR GENERAL','PROBABLE COVID SINTOMAS SEVEROS','Et debitis voluptatibus reiciendis repudiandae reiciendis.','Atque aut facere eum earum.','Magni reiciendis dicta delectus accusamus minus at.','Sint quis eaque ut rerum libero placeat quo impedit.',NULL,'2020-04-10 14:16:53','2020-04-10 14:16:53'),
	('42a8c216-d009-4dec-8bd9-e3266bbde67c','2003-10-20 11:31:42','6243d2e6-0c08-4df8-96a7-2bab645f2588','606877c1-7d26-43bd-900c-0f6d22d00ff0','3','Ea est optio atque sapiente.','Iusto id explicabo dicta perferendis iure facilis soluta.','Exercitationem blanditiis suscipit ut provident quidem.','Quis est blanditiis minima culpa praesentium minima neque.','Nisi rerum sunt nihil repudiandae provident cumque enim.','OTROS','PROBABLE COVID SINTOMAS SEVEROS','Enim corporis eligendi possimus.','Ad sed sed incidunt culpa.','Fugit nostrum nihil provident sequi.','Id consequuntur sit laudantium nulla.',NULL,'2020-04-10 14:16:53','2020-04-10 14:16:53'),
	('434a0d4f-0bac-413f-a450-9037b73e76b4','2014-11-22 16:31:39','6e4a1d51-2893-4b7e-a63c-7529ad471618','d3acb550-7cc4-40e0-852b-cf5343b9b2fe','4','Deleniti velit corrupti soluta omnis aliquam est dolores impedit.','Exercitationem ut vitae nemo fugit eligendi.','Ea quas non aut assumenda nam et reprehenderit accusamus.','Aperiam quidem autem et dolorem.','Deleniti sed eos nihil dicta in qui hic.','MEDICACIÓN QUE TOMO PARA LOS SINTOMAS','NO COVID19','Aperiam sit repellat ad officia exercitationem.','Laborum et error autem quas et amet et ipsa.','Ducimus iste veritatis excepturi.','Qui libero odit quo ullam animi temporibus.',NULL,'2020-04-10 14:16:53','2020-04-10 14:16:53'),
	('4bd30d6b-0319-4359-b265-2678da6a8757','1977-05-01 19:34:17','664430f8-cc35-4ec5-9f53-0718b20a46a5','2772613e-78b5-44e4-bff2-4857cbf43420','3','Aperiam nesciunt maxime rerum sed necessitatibus ut necessitatibus.','Nemo id doloribus voluptatum placeat.','Dignissimos voluptas veniam vel dolorem sed aut iste.','Quidem dolor rem ut hic nisi natus tempora unde.','Libero deserunt necessitatibus est quia.','FIEBRE Y ESCALOFRÍOS','NO COVID19','Sit quidem sed magnam consequatur recusandae.','Et dignissimos earum eveniet voluptas vel quo totam eum.','Quod veritatis aliquam dolore veritatis.','Sed magni repellendus velit consequatur molestiae placeat iusto.',NULL,'2020-04-10 14:16:53','2020-04-10 14:16:53'),
	('4bf02f3e-3c91-4bc2-a4a0-d60182bc1bd0','2004-05-22 17:19:48','46b312c3-8b39-4e16-8476-01b41ccddd68','cc0a2fd5-62f4-4c82-b1ef-58e43c2fc806','4','Qui mollitia similique est.','Molestias repellendus vero et eius ea.','Reprehenderit et quia sed et vel mollitia.','Provident accusantium commodi qui quos libero pariatur.','Expedita velit excepturi qui eum neque.','DOLOR DE GARGANTA','NO COVID19','Quam cumque aut error molestiae unde enim sit.','Cupiditate laudantium eligendi ab ea repellendus vitae.','Velit at quia provident officiis vitae est.','Iusto voluptatibus recusandae inventore hic.',NULL,'2020-04-10 14:16:53','2020-04-10 14:16:53'),
	('4cd4f581-fb94-4d87-b044-41c002839bd9','2009-03-23 01:16:38','241efa2f-1edd-443f-8e35-c3d574a3580b','763c8dfe-c848-4cbf-8e9d-ad42ccf7c761','2','Adipisci officia eum iste iure consequatur sed porro.','Consequuntur tenetur cum animi velit quibusdam vitae velit.','Natus repudiandae eveniet voluptas aut officiis animi.','Quidem modi atque ratione.','Et eos vel et molestiae explicabo et.','OTROS','NO COVID19','Facilis accusamus officia natus veniam eum.','Voluptatum suscipit dignissimos nesciunt rem impedit.','Veniam non consectetur labore est et.','Aperiam quia quis quas laborum voluptas et quae.',NULL,'2020-04-10 14:16:53','2020-04-10 14:16:53'),
	('4e3713e0-70c1-4f45-b5a6-9cbdd49524b2','2002-09-05 14:22:14','ec952281-cab8-42f4-860f-6f02a1db5b92','08fa5b9e-d5b3-4871-82fe-7a5cead559c8','3','Odit rerum veritatis maiores ut dignissimos impedit nesciunt.','Rerum doloremque ut nihil voluptates repudiandae asperiores.','Pariatur eaque corporis voluptate magni fugiat sed ipsam.','Et voluptatem quibusdam ut.','In magnam rem architecto velit ut quos.','TIEMPO DE EVOLUCIÓN DE LOS SINTOMAS','PROBABLE COVID SINTOMAS LEVES A MODERADOS','Aperiam molestias asperiores in exercitationem magni odit quis.','Debitis voluptates ipsum in dolor rerum sed.','Assumenda delectus enim animi deserunt.','Architecto ipsa in earum eos soluta.',NULL,'2020-04-10 14:16:53','2020-04-10 14:16:53'),
	('4e44d6bc-728e-470f-ae8a-7092251abff8','1978-12-24 07:46:55','a96f2ead-3b7b-48ba-b392-da9b3a30f3a3','c812057b-0d34-48f4-8db5-44dcae1e7d39','2','Omnis sapiente qui libero quae ut.','Voluptate itaque aut non eos.','Vitae molestiae aspernatur unde voluptatem qui facilis.','Iste totam velit quo nisi est.','Qui quia sunt cum pariatur omnis est suscipit ipsam.','TOS','PROBABLE COVID SINTOMAS LEVES A MODERADOS','Alias nihil eos numquam quidem itaque aut.','At fuga consequatur reiciendis sint.','Delectus quis consequatur perferendis nulla id id.','Provident omnis sed exercitationem natus.',NULL,'2020-04-10 14:16:53','2020-04-10 14:16:53'),
	('5063294c-1bb4-4a8a-ac58-310e3111563e','2018-10-15 19:01:21','241efa2f-1edd-443f-8e35-c3d574a3580b','fd37ad99-a66b-417e-98b7-0e42c96fd077','3','Aliquam ullam provident odio fuga quidem quos maxime optio.','Debitis aut pariatur harum assumenda perspiciatis aut alias distinctio.','Rerum nisi nemo fuga quasi qui ullam molestias.','Quibusdam incidunt rem et et.','Quos magnam iste itaque vel qui est consequatur.','PERDIDA DEL OLFATO Y/O GUSTO','NO COVID19','Non non est reiciendis eum quam et.','Est deserunt et expedita.','Qui quasi harum qui laudantium unde.','Dolor ducimus provident quisquam ut qui explicabo.',NULL,'2020-04-10 14:16:53','2020-04-10 14:16:53'),
	('51f3de2c-e50b-4736-a15b-23cfe5510310','1999-03-11 08:43:38','396c8e10-d1d0-4ee5-9113-4eb8acaf891f','e343ab27-5df4-4eeb-9ecf-fa5bdb78bff2','4','Quia cumque doloribus hic sunt fugit autem non.','Non provident quos quia ea vel qui nobis.','Ea sed iste est similique temporibus voluptates laudantium.','Deserunt molestiae sed ipsa officia reprehenderit voluptas qui dolores.','Ea harum fugit eum velit iure.','DIARREA','PROBABLE COVID SINTOMAS SEVEROS','Voluptatem doloremque qui similique quia amet adipisci aspernatur.','Explicabo dolores nesciunt repellat tenetur.','Libero dolor iusto sunt dolores quaerat.','Fugit blanditiis omnis non eveniet assumenda.',NULL,'2020-04-10 14:16:53','2020-04-10 14:16:53'),
	('52794831-3ff5-45ce-9027-c9727cebbdeb','1990-10-27 05:46:42','89f014d1-be76-453e-84e8-86d26c0f6900','6ef87740-efab-4238-a94c-0305165ce3e8','2','Iste aperiam quo ut aut.','Nisi ab minima nesciunt doloribus.','Esse modi ut quod doloribus fugiat corrupti.','Qui aut officiis iusto quia fuga est in.','Quaerat et porro debitis quo aliquid consequuntur.','DIFICULTAD PARA RESPIRAR','PROBABLE COVID SINTOMAS LEVES A MODERADOS','Sequi atque eum consequatur facere sequi velit qui.','Consectetur et voluptas soluta sed.','Quia ab repellat vel quis.','Quo sapiente qui numquam qui.',NULL,'2020-04-10 14:16:53','2020-04-10 14:16:53'),
	('52c46188-1e58-48c0-b8ba-7614391d24a0','2007-11-25 21:23:15','8d7e81d3-de9a-4f6a-9180-5719db4f9dd1','4e8fc357-8cdf-4864-8c5c-2c7fcdf57784','2','Harum debitis praesentium officia aut nesciunt blanditiis quas odit.','Tempore iure ut incidunt necessitatibus et et ut unde.','Explicabo ipsa error maxime vel.','Expedita eaque maxime non.','Delectus explicabo est et sunt sed ratione fuga.','MEDICACIÓN QUE TOMO PARA LOS SINTOMAS','PROBABLE COVID SINTOMAS SEVEROS','Veniam est fugiat aut quia quia rerum necessitatibus.','Aliquam deleniti officiis atque.','Quasi fugit quos voluptatum enim doloribus voluptatem qui aut.','Explicabo assumenda voluptas animi harum.',NULL,'2020-04-10 14:16:53','2020-04-10 14:16:53'),
	('54df8c98-1b98-42ab-a5e6-dcca8939760b','1983-10-22 04:47:17','6d5e816f-1eac-4699-b3f5-42d4983bef6c','c558a1e3-b920-42b6-9eaf-9346a27d66e5','3','Voluptatum omnis magnam qui.','Reiciendis explicabo tenetur earum mollitia nemo et modi.','Recusandae doloremque et voluptatem sed.','Voluptatem harum culpa sed non qui nihil.','Ut incidunt dignissimos dolorem doloremque deserunt similique.','DIFICULTAD PARA RESPIRAR','PROBABLE COVID SINTOMAS LEVES A MODERADOS','Laboriosam nesciunt similique omnis.','Blanditiis autem tempore nemo magni sed est soluta.','Ea delectus qui aperiam et aut corporis delectus.','Minus ipsa quia quis at ea est.',NULL,'2020-04-10 14:16:53','2020-04-10 14:16:53'),
	('58ab4207-9668-42f8-9000-3f5de9c2d567','2017-09-21 16:00:01','6e4a1d51-2893-4b7e-a63c-7529ad471618','2f73b742-7f79-4168-9b92-08717bba851d','2','Commodi ipsa adipisci rerum ut.','Tempora nobis velit et rerum dolor fuga sit.','Occaecati labore rerum dolor dolores.','Et dignissimos voluptas ex reprehenderit velit.','Dolore praesentium non praesentium.','PERDIDA DEL OLFATO Y/O GUSTO','PROBABLE COVID SINTOMAS LEVES A MODERADOS','Sapiente magnam in eum dolorem quia voluptas eaque molestiae.','Ea consequatur et reiciendis deserunt sequi quia.','Sed laboriosam maxime et eum rerum.','Vel nisi aut porro dolore minima consequatur id.',NULL,'2020-04-10 14:16:53','2020-04-10 14:16:53'),
	('58d1edf9-dcd9-4f16-a2e7-1c3ca0b4b36e','2008-10-08 11:22:43','d30daaee-7b6d-48f1-bfcb-69b952c1471e','d352cff0-ae62-4254-8d08-12b9d55e4e24','3','Ex odit fugit harum ut eos error nostrum.','Eligendi blanditiis suscipit voluptatum et iure aut.','Quos exercitationem animi excepturi odit quo fuga veniam rerum.','Quia eveniet ratione quod est quisquam odit.','Dolores impedit corrupti est dolores sit cum.','MALESTAR GENERAL','PROBABLE COVID SINTOMAS SEVEROS','Est pariatur et et nesciunt et autem officia.','Nisi est pariatur omnis minima voluptatem corporis.','Sed voluptatum repudiandae doloribus aut.','Consequatur dolorum officiis non debitis saepe est.',NULL,'2020-04-10 14:16:53','2020-04-10 14:16:53'),
	('592b3794-a981-454d-9025-9f5e4ea65afa','1987-08-14 02:42:46','9d0e6522-b8e6-4b33-91e2-83175cf91628','30816e69-964e-4997-bec4-95148353d421','2','Dolorum eius ut ipsum et totam quia.','Explicabo optio voluptatem veniam quo aspernatur iure occaecati.','Est voluptas dignissimos reprehenderit id iure hic quam.','Non laboriosam ducimus sint qui voluptatum similique.','Sunt et itaque explicabo voluptate molestiae sed sit dolorem.','DOLOR DEL CUERPO','NO COVID19','Corrupti aspernatur voluptatibus ut id placeat.','Impedit qui tempora magni similique molestiae facilis sed dignissimos.','Id iure ullam a cupiditate dolores.','Nihil labore est et assumenda itaque.',NULL,'2020-04-10 14:16:53','2020-04-10 14:16:53'),
	('59f4d919-4402-4e1a-a58c-da7196957c24','2015-11-27 10:54:45','53965671-a53c-47f8-ab3e-03a13e340d9e','d2facafe-571c-409a-8da3-ee3192d5cc0b','2','Aliquam perferendis id laboriosam quaerat sint atque.','Non qui cupiditate tempora nisi.','Incidunt ratione velit laudantium.','Rerum quas voluptas quisquam.','Aut atque consequatur dolores tempora quisquam at.','TOS','PROBABLE COVID SINTOMAS LEVES A MODERADOS','Suscipit ex consequuntur rem sint nobis.','Debitis fuga magni voluptatem molestias aperiam vel.','Atque ipsum est excepturi totam repudiandae minima.','Quia est fugit labore aut qui nihil corrupti.',NULL,'2020-04-10 14:16:53','2020-04-10 14:16:53'),
	('5c590f0c-3f40-48a6-acc1-c8c5566ce8a2','1988-08-17 23:09:22','77e478b5-f0bb-4da9-aad9-0e0fe62bc1d8','fd37ad99-a66b-417e-98b7-0e42c96fd077','2','Similique sit et omnis architecto ut.','Facilis ipsum harum quidem sunt mollitia.','Rerum nemo est ut cum.','Ullam necessitatibus accusantium rem sed earum fugit.','Et quia reprehenderit non neque consectetur.','DOLOR DE GARGANTA','PROBABLE COVID SINTOMAS SEVEROS','Quisquam sapiente quod qui debitis dolor ab odit.','Consequuntur libero et debitis at dolore doloribus.','Itaque dolore at sed aliquam.','Placeat pariatur qui recusandae tempore fugiat cupiditate temporibus et.',NULL,'2020-04-10 14:16:53','2020-04-10 14:16:53'),
	('5d1087b0-3049-46c7-83f0-37338b527a40','1985-08-10 18:50:09','89f014d1-be76-453e-84e8-86d26c0f6900','d7beedba-1442-4f10-8841-0a4f6dd34185','3','Sapiente facere est non qui voluptatem sint ut vero.','Dolorum omnis aut inventore placeat.','Voluptatem adipisci cumque et ipsam minus.','Deleniti minus vel quasi odio.','Officia commodi enim perspiciatis quidem.','ERUPCCIÓN EN LA PIEL','PROBABLE COVID SINTOMAS LEVES A MODERADOS','Distinctio omnis ut sint alias.','Sunt sit veritatis et.','Rem voluptatibus doloribus sed occaecati placeat ratione inventore.','Numquam molestias ut quae.',NULL,'2020-04-10 14:16:53','2020-04-10 14:16:53'),
	('5d233601-43fd-41b0-9ca2-70dc5b77f264','2020-02-09 12:27:17','87bffa6d-cc99-4e3e-8d26-d854571a8962','2772613e-78b5-44e4-bff2-4857cbf43420','4','Accusamus voluptatum magnam autem earum doloremque iure ullam.','Et et sit commodi voluptatem voluptatem pariatur at incidunt.','Modi ut voluptas quis.','Architecto deserunt qui molestiae nemo veniam.','Ea omnis aut voluptatem veniam ut aut autem.','DIARREA','PROBABLE COVID SINTOMAS SEVEROS','Enim exercitationem sed ut ipsam.','Ut ratione recusandae minus reiciendis.','Adipisci qui nostrum facere quidem sapiente eaque sunt.','Atque a aut id error ipsum inventore.',NULL,'2020-04-10 14:16:53','2020-04-10 14:16:53'),
	('5dac99b2-ab40-44d2-b248-d6b239b3167a','1991-11-26 14:50:09','396c8e10-d1d0-4ee5-9113-4eb8acaf891f','4e8fc357-8cdf-4864-8c5c-2c7fcdf57784','2','Et saepe minima aut ut est nostrum.','Explicabo doloremque reiciendis autem tempora rerum rerum.','Qui quia rerum placeat id asperiores sit impedit.','Suscipit nihil id est fugiat ut.','Perspiciatis explicabo distinctio et id ullam rem.','DOLOR DE GARGANTA','PROBABLE COVID SINTOMAS LEVES A MODERADOS','Est veritatis molestiae quae id iste omnis incidunt accusantium.','Repellendus vero doloribus dolore officiis.','Deleniti quis vero aut est aperiam quasi.','Rerum reiciendis in necessitatibus.',NULL,'2020-04-10 14:16:53','2020-04-10 14:16:53'),
	('5e896ef4-204a-423c-924c-c2733c7c2f3c','2007-06-13 17:40:51','9d0e6522-b8e6-4b33-91e2-83175cf91628','cdb7ae39-4e41-4697-8800-65d7fca0390a','1','Necessitatibus quo et hic necessitatibus commodi eius commodi qui.','Aut eum molestias quod laborum dignissimos voluptatum.','Praesentium magnam earum placeat quae.','Est et expedita blanditiis dolore sit.','In rerum quo animi quibusdam ipsum maiores et.','TOS','NO COVID19','Neque nihil esse nostrum ut.','Sit qui voluptates et mollitia cumque.','Velit officia quasi vel voluptates aut.','Labore minima dicta incidunt deserunt qui impedit harum.',NULL,'2020-04-10 14:16:53','2020-04-10 14:16:53'),
	('5ef5d7da-30d7-4365-9a84-1092e48b3b43','2005-07-21 13:18:16','f7aabf52-f744-48be-a029-937d1ab2bed3','3632052c-01c7-4dfb-bf8e-ef1a44cab318','1','Qui quisquam sequi et qui a dolor sint.','Cum qui reprehenderit deleniti aut.','Explicabo explicabo placeat accusantium dolores sequi ut.','Suscipit quo deserunt assumenda debitis sed.','In quia occaecati architecto mollitia et.','MEDICACIÓN QUE TOMO PARA LOS SINTOMAS','NO COVID19','Sint atque omnis hic corporis excepturi.','Molestiae dignissimos magni labore.','Voluptatem est saepe dolor provident soluta ipsum perspiciatis.','Vitae maxime vel ea aut illum voluptas.',NULL,'2020-04-10 14:16:53','2020-04-10 14:16:53'),
	('63e20c2a-02a8-4ccd-90e8-d6876e19a7ee','1981-10-13 12:30:45','a8dc5aee-1827-45a0-8b20-efd05ec63397','7b9d8719-950f-4b8c-8dbe-fa2126fa5a47','3','Ut est natus dolorem excepturi mollitia.','Distinctio tempora in vero deleniti.','Ipsam quos assumenda sint quia possimus quo eius.','Et adipisci autem similique numquam similique.','Culpa voluptas magni dignissimos maiores voluptatibus.','ERUPCCIÓN EN LA PIEL','NO COVID19','Soluta quasi itaque et quia mollitia qui.','Rerum natus dolore dolor ratione sed autem.','Perspiciatis et et voluptatem ullam necessitatibus similique.','Voluptatem et assumenda repellat voluptatibus.',NULL,'2020-04-10 14:16:53','2020-04-10 14:16:53'),
	('647e7b28-5a1a-4095-861f-9437d649d659','1972-10-02 13:25:26','a55b9055-52a6-465c-9e3d-410ccceb1aa5','cc0a2fd5-62f4-4c82-b1ef-58e43c2fc806','2','Consectetur sunt quidem ut est.','Aut velit qui nihil doloribus assumenda vel quis.','Illo fuga quos sapiente recusandae.','Aliquam delectus perferendis voluptas officia consectetur.','Recusandae velit et iste cupiditate qui nihil.','DIFICULTAD PARA RESPIRAR','PROBABLE COVID SINTOMAS SEVEROS','Architecto odit reiciendis illum nobis.','In non excepturi quas non.','Debitis aperiam facere non magnam.','Laudantium labore aut voluptatibus fugiat doloremque autem.',NULL,'2020-04-10 14:16:53','2020-04-10 14:16:53'),
	('65bc3ff2-ed29-41c0-b295-3ecfa5dcb7bc','2004-06-11 07:34:30','d30daaee-7b6d-48f1-bfcb-69b952c1471e','525f77aa-5fe8-4912-8d76-2140bcb362d1','2','Voluptatem quia adipisci quia atque maxime mollitia.','Blanditiis explicabo sint qui velit.','A minus magni sed.','Doloribus earum laudantium fuga et sunt.','Cumque aut repellat et ab est.','MALESTAR GENERAL','PROBABLE COVID SINTOMAS SEVEROS','Ratione minima quibusdam sunt consequatur est itaque ut.','Et earum ipsam nam iusto sed est in.','Ut labore voluptatem consequatur voluptatibus alias.','Non modi natus velit esse eaque doloremque.',NULL,'2020-04-10 14:16:53','2020-04-10 14:16:53'),
	('66da63c7-1214-4fe2-bdc7-2254e0a14158','2004-04-25 11:05:42','e954dc81-9336-482f-b881-2f37b3505efd','e7374675-ebb4-4a25-958b-85ef5570bb3c','1','Velit soluta aut ut in saepe quibusdam perferendis.','Amet expedita voluptatem unde voluptate aut id sed harum.','Adipisci sequi et et recusandae omnis possimus magnam.','Optio cumque aut est cum voluptatibus.','Qui ea expedita rerum ducimus ratione temporibus vero.','DIARREA','PROBABLE COVID SINTOMAS LEVES A MODERADOS','Et rerum ut autem voluptatibus.','Aut sunt quis accusantium rerum magni porro quia.','Et occaecati dignissimos et rerum necessitatibus tenetur sunt.','Sunt qui vel qui perspiciatis.',NULL,'2020-04-10 14:16:53','2020-04-10 14:16:53'),
	('68810f3d-eff3-43c3-b66c-373c7c31fb1b','2009-08-27 18:35:42','173ec638-6b15-4f81-a86d-cc32cd9bf75f','525f77aa-5fe8-4912-8d76-2140bcb362d1','4','Ad quo nesciunt omnis aut fugiat.','Incidunt corporis ut iste in ut repellat qui.','Et et sint eum velit.','Facere cumque qui iusto consequatur.','Facere fuga laborum provident iure dolore.','MEDICACIÓN QUE TOMO PARA LOS SINTOMAS','NO COVID19','Non deserunt inventore ad non vitae.','Aut incidunt quis consequuntur inventore quos sunt quam praesentium.','Ea unde deleniti molestiae commodi.','Ratione perferendis repudiandae modi.',NULL,'2020-04-10 14:16:53','2020-04-10 14:16:53'),
	('6a10efea-eb23-4a39-b78c-aa85bf4515fb','1996-12-29 08:37:21','b0e75396-d750-48ef-bf1c-34dda64d43de','09cf7e51-4d2f-4a91-8d8c-ca127b3f149d','4','Asperiores inventore aut asperiores quia a similique qui.','Delectus veritatis sit aut laborum sint.','Officiis sunt et sed possimus optio.','Necessitatibus consequatur ut consequatur qui.','Quis ut voluptas nihil.','PERDIDA DEL OLFATO Y/O GUSTO','NO COVID19','Nobis eum in ab natus perspiciatis.','Ipsum temporibus nihil non dolorem.','Architecto dicta blanditiis quam in veritatis.','Qui aspernatur eum labore id aut ipsum.',NULL,'2020-04-10 14:16:53','2020-04-10 14:16:53'),
	('6c8691c9-eed5-43fc-888f-b119107390cc','2006-05-07 15:34:43','6243d2e6-0c08-4df8-96a7-2bab645f2588','ba5c2833-13bc-47e8-bfe9-73b5d198a2a7','4','Voluptas consequatur quam necessitatibus necessitatibus et illo.','Qui omnis dolores quis.','Soluta ut dolores non eaque odit ut.','Voluptatibus itaque eum dignissimos similique totam omnis provident.','Tempore sed perferendis molestiae fugiat eum.','MALESTAR GENERAL','PROBABLE COVID SINTOMAS LEVES A MODERADOS','Accusantium eligendi saepe minima animi sit consequatur inventore.','Iusto doloribus tempore blanditiis.','Possimus ipsa et doloribus officia tenetur aut.','Est ut omnis impedit consequuntur consectetur qui facilis quidem.',NULL,'2020-04-10 14:16:53','2020-04-10 14:16:53'),
	('6f4a974f-a016-4362-9680-412f7b1765fb','1985-05-30 00:03:47','241efa2f-1edd-443f-8e35-c3d574a3580b','1f261d41-c0e0-4695-8572-4366be4c2c29','2','Beatae saepe et voluptatum molestiae error ex vel.','Sit ut ullam rem deleniti harum.','Eaque magnam ut aperiam error eligendi omnis sequi.','Et eveniet laborum eum fuga hic.','Occaecati sed a enim impedit eveniet illo eos.','FIEBRE Y ESCALOFRÍOS','PROBABLE COVID SINTOMAS LEVES A MODERADOS','A dolore aut et.','A in officiis laudantium repellendus dolores praesentium.','Id consequatur qui provident dolorem.','Aliquam nam qui voluptatum est repellat recusandae.',NULL,'2020-04-10 14:16:53','2020-04-10 14:16:53'),
	('6fba8665-ec4d-4e07-bd27-2d4f4a9c25ea','2008-11-12 01:21:27','b0e75396-d750-48ef-bf1c-34dda64d43de','c2d682b3-7505-45aa-b187-bf16ba4fe2c7','2','Incidunt dolores est nihil quaerat.','Omnis qui dolor quis enim occaecati.','Ea deserunt et veritatis earum corrupti odio.','Ut ipsum suscipit numquam aut nulla sit.','Consequatur consequatur quo aliquid quo.','ERUPCCIÓN EN LA PIEL','PROBABLE COVID SINTOMAS SEVEROS','Praesentium voluptas asperiores ut eius.','Maxime repellat neque ut.','Eligendi libero nulla itaque cum libero et autem.','Ea beatae tempore sint voluptatum et.',NULL,'2020-04-10 14:16:53','2020-04-10 14:16:53'),
	('70140edb-f1a3-4a7a-9f99-6910e3859d12','2010-08-06 02:20:00','f569959b-de21-4963-b132-31c11c90814a','045cb457-9813-4864-b90e-2151ac69d1db','1','Eos est minus veritatis ut eos minus non.','Ea ut iste nam sed molestias cupiditate.','Consequatur consequuntur dolores repudiandae est eum beatae quisquam.','Odio magnam modi qui nihil quam praesentium.','Officia modi sunt occaecati quisquam sed aut ratione.','OTROS','PROBABLE COVID SINTOMAS SEVEROS','Possimus ad labore tenetur autem.','Praesentium eum iusto laboriosam at quos veritatis aut.','Qui dolor sit quia sunt.','Qui reiciendis qui minima esse sunt.',NULL,'2020-04-10 14:16:53','2020-04-10 14:16:53'),
	('705aa15e-c81b-4c3d-96a9-5dd2c21b27f4','1992-05-02 00:28:11','3d4c5afc-ea5b-4fb5-a687-93cf4fd66f2f','2f73b742-7f79-4168-9b92-08717bba851d','1','Facere aut impedit recusandae assumenda iste quia.','Similique quia voluptate et modi.','Consectetur aut nisi quo.','Ex voluptatem perspiciatis sed tenetur fuga.','Cumque nostrum omnis a esse omnis sint facilis.','FIEBRE Y ESCALOFRÍOS','PROBABLE COVID SINTOMAS SEVEROS','Omnis aut qui optio nisi.','Aut magnam voluptas adipisci est.','At distinctio qui consectetur sunt neque reiciendis.','A sed labore inventore.',NULL,'2020-04-10 14:16:53','2020-04-10 14:16:53'),
	('75650618-5a96-4f7e-8234-5d4e36e15530','2004-12-11 19:26:24','6d7f660e-70d0-4e44-9b10-b6a08578c595','203836fb-9484-47ce-aa64-4d22a93fcca4','4','Enim sequi praesentium tempora facilis iure officia.','Qui reprehenderit itaque itaque illum.','Voluptatibus qui reprehenderit eum esse quasi rerum.','Temporibus dolorum hic iusto hic ipsam.','Facilis sit ab tempore quaerat adipisci quia.','TIEMPO DE EVOLUCIÓN DE LOS SINTOMAS','NO COVID19','Vitae aut ratione nemo magni.','Voluptates porro distinctio sit cumque voluptatem explicabo blanditiis.','Ab nisi facere autem et ex at magni.','Velit vero aut similique quis fugit et totam.',NULL,'2020-04-10 14:16:53','2020-04-10 14:16:53'),
	('79767d16-bd5d-4aa0-92c2-e6e0a8c1f05b','1980-02-28 05:47:48','f569959b-de21-4963-b132-31c11c90814a','9c5d6bab-2dda-492b-b770-721c055fd078','3','Quis ex fuga officiis amet voluptatem.','Aperiam sit recusandae asperiores architecto autem ut.','Beatae ex occaecati praesentium a similique porro.','Repellendus sunt aut et doloribus dolore deserunt.','Eligendi perspiciatis soluta ab reiciendis voluptas quas quis.','DOLOR DE GARGANTA','PROBABLE COVID SINTOMAS SEVEROS','Quo enim praesentium molestiae omnis necessitatibus reprehenderit.','Et a aut neque.','Totam qui soluta autem ullam porro.','Ipsum qui consequatur soluta libero et suscipit adipisci.',NULL,'2020-04-10 14:16:53','2020-04-10 14:16:53'),
	('7b12bfe0-cbf6-48db-bcaa-d77b07839385','1988-08-13 00:53:40','b0e75396-d750-48ef-bf1c-34dda64d43de','98f83e5c-420c-4b48-afe6-3f2266909e57','4','Consequuntur natus molestias placeat quod.','Et eveniet et rem et eos.','Vitae et et quia voluptatibus.','Molestiae velit reprehenderit quis laudantium sequi.','Voluptatibus voluptas odio ducimus quia.','FIEBRE Y ESCALOFRÍOS','NO COVID19','Beatae blanditiis odit aut nam libero.','Ducimus suscipit ducimus cum possimus.','Nihil fugit distinctio voluptatem magni molestiae est et.','Delectus et voluptates ut dignissimos aliquam magni.',NULL,'2020-04-10 14:16:53','2020-04-10 14:16:53'),
	('7dccba8a-36cc-453c-81f8-b77c664b0a5f','2014-12-12 01:51:24','a58e2210-f786-476b-bd21-e3a374c459a0','c2d682b3-7505-45aa-b187-bf16ba4fe2c7','4','Nam in voluptatem consequatur rerum sint repudiandae adipisci.','Qui eaque vel in aspernatur qui odit dolore.','Maiores placeat vitae inventore eum odio.','Praesentium a quasi magni quod.','Itaque fugit velit atque fugiat voluptas totam fugiat.','MALESTAR GENERAL','NO COVID19','Debitis rem ab nesciunt vel ad quos aut.','Culpa vel unde aliquam sed iste vel assumenda enim.','Fugiat provident occaecati qui et cumque est.','Vel accusantium tempore suscipit nobis quaerat alias ducimus.',NULL,'2020-04-10 14:16:53','2020-04-10 14:16:53'),
	('7dfcdd52-6d3a-4b92-aaa9-3a66f49a98ba','2005-11-27 07:51:38','36b59b14-092e-466f-b733-6aa893142dec','a594bb47-9513-4099-9fa7-4085333e9c8f','3','Praesentium est qui similique explicabo id animi sapiente rerum.','Occaecati ducimus mollitia optio expedita ipsam.','Reiciendis est nam aut voluptatibus.','Explicabo laudantium distinctio et illum ad.','Vero sed quibusdam et corrupti vitae.','DOLOR DEL CUERPO','NO COVID19','Dolorem et error sed ut repellendus qui et.','Veniam impedit dolorem explicabo sit aut maxime sed.','Quasi voluptates reprehenderit doloremque quia quia iste fugit.','Corporis voluptatibus vero et debitis.',NULL,'2020-04-10 14:16:53','2020-04-10 14:16:53'),
	('7e3eadf7-256a-4ce5-9867-c5832ba8590f','1999-02-26 03:03:55','d2d36a24-23d3-47e7-82fe-3033af5b5cf2','2772613e-78b5-44e4-bff2-4857cbf43420','2','Optio iste itaque et ut consequatur provident.','Reiciendis rerum esse quod a necessitatibus.','Consequatur voluptas consequatur accusamus sed dolore error quia.','Perspiciatis cum laborum aliquam in atque.','Enim blanditiis quidem sed non.','PERDIDA DEL OLFATO Y/O GUSTO','PROBABLE COVID SINTOMAS LEVES A MODERADOS','Illo aut id exercitationem.','Iusto quam sit vel nam quasi deleniti.','Sit recusandae architecto quo ipsa sunt et.','Minima esse sed magni maxime.',NULL,'2020-04-10 14:16:53','2020-04-10 14:16:53'),
	('7f18744e-3cf7-494b-9cdc-2ff2cbd37c88','2000-04-30 07:10:06','baf5c4e5-cd9d-421a-82b0-f3c514b69230','9ebc40f1-4fd2-40d1-8a17-c4fee703c932','2','Qui voluptate nihil iste amet nobis similique.','Dolor aut autem voluptatibus sit.','A quia aut necessitatibus deleniti.','Et delectus et dignissimos animi iure.','Saepe fugit eos possimus et omnis porro.','ERUPCCIÓN EN LA PIEL','PROBABLE COVID SINTOMAS LEVES A MODERADOS','Deserunt consectetur laboriosam sint optio velit.','Ipsam voluptatem laboriosam molestiae sed rem.','Cumque fugit nihil ipsum numquam officia est sint.','Tempore officiis rerum facilis sunt.',NULL,'2020-04-10 14:16:53','2020-04-10 14:16:53'),
	('850391b4-0656-4565-9269-1508c2dc7b69','2001-05-04 13:57:23','db11411e-71ae-4a5a-82ae-cbd8b2109c74','c00ea2cb-44df-4c43-a80c-0b63a0cc1eaa','4','In exercitationem ut dolores vitae numquam inventore distinctio.','Ea facere aut quos natus dolorum illum.','Nulla ducimus suscipit neque totam rerum placeat.','Reprehenderit consequatur enim necessitatibus soluta itaque aut.','Nisi et ea qui ducimus eum natus accusamus non.','TIEMPO DE EVOLUCIÓN DE LOS SINTOMAS','NO COVID19','Sed qui quod libero consequatur aperiam ipsa.','Nisi fugiat autem vitae architecto.','Et omnis voluptatibus sint sint vel.','Mollitia quis exercitationem ratione voluptatem amet cumque.',NULL,'2020-04-10 14:16:53','2020-04-10 14:16:53'),
	('897f1efe-5253-4f6f-b761-a1e251ecbfb2','2018-11-30 07:12:07','e0470ea0-ea2b-4a0b-bd14-5c4f895c0485','ba5c2833-13bc-47e8-bfe9-73b5d198a2a7','2','Et repellat quaerat qui commodi amet.','Ea voluptates deserunt repudiandae fuga sequi quia.','Ipsam velit quasi vel possimus quisquam voluptate.','Adipisci eius temporibus rerum rerum quasi error maxime.','Ipsam est exercitationem accusamus autem facere deleniti enim.','MALESTAR GENERAL','PROBABLE COVID SINTOMAS LEVES A MODERADOS','Nesciunt provident quos praesentium provident ab voluptatem nesciunt consectetur.','Et voluptates quia alias reprehenderit quos.','Doloribus veniam officia nostrum atque deleniti et magnam.','Ut inventore neque a explicabo reiciendis sunt magnam unde.',NULL,'2020-04-10 14:16:53','2020-04-10 14:16:53'),
	('8a2718b8-c125-4aef-90c5-1bdf19f14aa8','1983-07-31 04:14:44','36b59b14-092e-466f-b733-6aa893142dec','c812057b-0d34-48f4-8db5-44dcae1e7d39','1','Placeat delectus non omnis.','Voluptatem deleniti ut quia quaerat esse qui.','Fugit et magni porro totam.','Est nulla beatae vitae maxime dolor omnis.','Alias officiis est quisquam voluptas pariatur dolor ut.','DOLOR DE GARGANTA','PROBABLE COVID SINTOMAS LEVES A MODERADOS','Assumenda dolorem est qui quo iure et officiis perspiciatis.','Quo aut eos at delectus ex maxime id.','Reprehenderit animi aut quidem laboriosam est vero.','Quasi similique laboriosam perferendis iure corporis repellat illum odio.',NULL,'2020-04-10 14:16:53','2020-04-10 14:16:53'),
	('8a407f97-8893-4ad3-8f7c-3329db9c2962','2001-08-05 17:28:00','e0470ea0-ea2b-4a0b-bd14-5c4f895c0485','1af9871d-acea-4739-84e7-5756c23a426e','4','Perspiciatis mollitia cumque voluptas pariatur maxime aut.','Velit iusto harum nihil aut nihil eaque.','Reprehenderit ea ut alias architecto nam vel atque.','Sequi debitis porro praesentium voluptate assumenda.','Corrupti laborum aperiam hic nisi.','PERDIDA DEL OLFATO Y/O GUSTO','NO COVID19','Veritatis doloribus et quas perspiciatis.','Debitis quae aut cupiditate rerum facilis ex voluptatum.','Qui beatae unde aut nulla et amet distinctio.','Quos amet ratione consequatur rerum est.',NULL,'2020-04-10 14:16:53','2020-04-10 14:16:53'),
	('8a7c2cd0-5a28-4ede-97e0-90f517f5ceb8','1983-12-30 00:03:28','5be199e5-c73f-4429-ada6-ba7292ecbca2','e343ab27-5df4-4eeb-9ecf-fa5bdb78bff2','3','Ut hic sit ut maxime ex.','Consequatur voluptatem recusandae qui vel aut.','Occaecati sunt voluptatem sed voluptatem.','Et eaque ut illo quasi labore.','Nam similique cum tempore assumenda temporibus non fugit.','DIFICULTAD PARA RESPIRAR','PROBABLE COVID SINTOMAS SEVEROS','Quaerat minus omnis illo nihil.','Praesentium repellat accusamus pariatur voluptatem error culpa porro.','Eaque inventore sit fugit tempore similique.','Itaque ea ut tempore ducimus quis.',NULL,'2020-04-10 14:16:53','2020-04-10 14:16:53'),
	('8fa486ff-c1bd-468e-9991-59ad5b438b81','1989-05-31 07:33:56','6e4a1d51-2893-4b7e-a63c-7529ad471618','1e2b31b6-8661-4c62-b4a6-351c191880a8','3','Porro ea omnis laborum.','Nihil modi laudantium in reiciendis hic enim esse labore.','Et ab perferendis fugiat voluptas recusandae.','Dolore tempore odio enim rerum quis voluptas.','Nisi esse vitae sed aut animi soluta fugiat.','TOS','NO COVID19','Iste similique rerum reiciendis inventore est adipisci soluta.','Ut voluptatem est doloribus reprehenderit laboriosam est ipsa.','Illum repudiandae iusto molestiae ea qui.','Et pariatur quia et molestiae et explicabo.',NULL,'2020-04-10 14:16:53','2020-04-10 14:16:53'),
	('984d8496-3f96-49d6-8848-19368d06ec3a','2007-04-28 06:21:15','8d7e81d3-de9a-4f6a-9180-5719db4f9dd1','705cb780-8715-4182-95e0-583c191e6a73','2','Nesciunt odio laudantium et laborum nisi aut labore.','Expedita et minima pariatur esse nostrum assumenda.','Et nostrum voluptatem et voluptates enim.','Iure dolor qui dolores.','Sit nemo illo praesentium optio qui qui.','DOLOR DEL CUERPO','PROBABLE COVID SINTOMAS LEVES A MODERADOS','Deleniti enim ea doloremque tempore deleniti distinctio qui.','Occaecati neque est quaerat excepturi cumque dolorum.','Dolore officiis fugiat iste facere libero dolores delectus sunt.','Nisi laboriosam at consequatur iure repudiandae.',NULL,'2020-04-10 14:16:53','2020-04-10 14:16:53'),
	('99a7664b-dbf1-410e-b864-4a003a148f09','1986-08-14 05:01:54','87bffa6d-cc99-4e3e-8d26-d854571a8962','68f5973b-8c45-4ff9-8941-f95012423bc7','4','Sapiente enim quia eos aperiam.','Rerum in suscipit sed commodi omnis in nemo porro.','Fugit distinctio a ducimus.','Excepturi voluptatem culpa ut excepturi sunt.','Consequatur fugit hic non sed ut explicabo fuga.','FIEBRE Y ESCALOFRÍOS','PROBABLE COVID SINTOMAS LEVES A MODERADOS','Quia suscipit possimus voluptas nulla occaecati ut mollitia.','Et exercitationem qui consequatur sint doloremque totam.','Quo doloribus et quis labore repellendus repellendus quo.','Ut veritatis vero suscipit fugiat minima dignissimos.',NULL,'2020-04-10 14:16:53','2020-04-10 14:16:53'),
	('9a080417-34fa-4678-bf0a-5ec96fa2c762','1971-05-11 00:03:40','8c89a7a3-f429-433a-a93a-a3bed15f6275','08fa5b9e-d5b3-4871-82fe-7a5cead559c8','1','Aut ut tenetur nesciunt est quidem.','Autem iste doloremque quisquam qui mollitia ut ut.','Dolorem officiis quos alias quidem libero exercitationem voluptas.','Cum aut id dicta quae modi cupiditate nisi voluptatem.','Eaque sed et quisquam quibusdam accusamus debitis qui assumenda.','DOLOR DE GARGANTA','PROBABLE COVID SINTOMAS LEVES A MODERADOS','Qui cupiditate et nemo vitae sapiente totam.','Reprehenderit ratione ratione officia sapiente temporibus.','Suscipit nihil quia enim et non rem.','Atque tempore et est nisi ut tempora nisi.',NULL,'2020-04-10 14:16:53','2020-04-10 14:16:53'),
	('9b1eaa9e-b737-4f4f-b2b1-dfb1dccfafae','1972-08-07 07:58:24','8c518046-b2ac-475d-b461-d76ad2b298cd','266263a1-3e43-4fd3-85f8-838d7ee6df1c','4','Ipsam perspiciatis possimus ut eos quas et et.','Sunt qui velit esse tenetur.','Aut nam sed explicabo aut soluta.','Dolor rem accusamus a rerum nostrum et neque.','Blanditiis tempore sint pariatur ut non deserunt.','DOLOR DE GARGANTA','PROBABLE COVID SINTOMAS SEVEROS','Est animi aut a dolores.','Numquam aut quidem pariatur et.','Qui a velit asperiores deleniti.','Adipisci excepturi labore doloremque doloribus odit.',NULL,'2020-04-10 14:16:53','2020-04-10 14:16:53'),
	('9b870278-bb3f-42de-a510-da580e8dc9db','2018-07-20 17:22:39','a8dc5aee-1827-45a0-8b20-efd05ec63397','9c5d6bab-2dda-492b-b770-721c055fd078','4','Consequatur dignissimos assumenda in quam quidem dolor.','Quod et consequatur in provident.','Sapiente quam eos qui minima totam est debitis quisquam.','Minima architecto quibusdam architecto et.','Ut doloremque suscipit quam sed aliquam ut sint eum.','DIARREA','PROBABLE COVID SINTOMAS SEVEROS','Esse adipisci atque sit voluptatem.','Cum enim sunt aliquid dolores qui ipsa voluptatem.','Dolorem consequatur perferendis quidem.','Ipsam et consequatur non vel asperiores.',NULL,'2020-04-10 14:16:53','2020-04-10 14:16:53'),
	('9d2a0404-5827-424a-9a76-d9ec4ab1dce3','2003-08-31 08:03:54','87bffa6d-cc99-4e3e-8d26-d854571a8962','36f1f670-dbd6-454c-9d01-7873b0ec002e','1','Ut sed et debitis doloremque.','Ab tempora vel voluptas voluptatibus voluptatem.','Aperiam asperiores sunt tenetur eius qui.','Saepe saepe excepturi perferendis.','Modi esse nihil quam provident.','FIEBRE Y ESCALOFRÍOS','NO COVID19','Fugiat magnam vel non quas inventore.','Beatae distinctio reiciendis reiciendis numquam.','Suscipit voluptatem ut eos qui maxime.','A aut nihil deserunt ut voluptas voluptatem ut.',NULL,'2020-04-10 14:16:53','2020-04-10 14:16:53'),
	('9fef0b2d-f105-4943-89b0-e2a755ca43f1','2018-02-19 02:19:49','db11411e-71ae-4a5a-82ae-cbd8b2109c74','763c8dfe-c848-4cbf-8e9d-ad42ccf7c761','2','Non omnis debitis est voluptas vel vitae velit.','Adipisci consequatur nobis quam ducimus veritatis animi recusandae non.','Provident rerum blanditiis non expedita sint eveniet.','Molestiae nisi quaerat aut.','Soluta deserunt perspiciatis optio a adipisci laboriosam dolorem.','DOLOR DEL CUERPO','PROBABLE COVID SINTOMAS LEVES A MODERADOS','Libero molestias aliquid omnis qui nesciunt quas.','Corrupti possimus molestiae ut eum dolores illo ut.','Molestiae minus est asperiores dolor iste.','Alias impedit corrupti id quas omnis voluptatem rerum.',NULL,'2020-04-10 14:16:53','2020-04-10 14:16:53'),
	('a181e9a4-d71a-460d-bdf4-b68ca7a68d75','2012-06-03 22:23:22','77e478b5-f0bb-4da9-aad9-0e0fe62bc1d8','8146cad9-6f69-4031-aef5-8d7ca331a84c','1','Doloribus maxime quod error pariatur quae.','Quibusdam odio eos tenetur accusantium ad qui ipsum.','Autem est velit corrupti consequatur sequi.','Qui at corporis porro cupiditate mollitia dolorem.','Tempore iure odio et beatae delectus omnis.','DOLOR DE GARGANTA','PROBABLE COVID SINTOMAS LEVES A MODERADOS','Magni aut dolorem sunt aliquid.','Ipsa in incidunt non reiciendis at dolorum.','Reprehenderit accusantium distinctio aut eaque sapiente.','Ea recusandae libero ut eius ea.',NULL,'2020-04-10 14:16:53','2020-04-10 14:16:53'),
	('a40982d8-4eb8-4484-824e-8f49a6b6c549','2014-08-17 16:19:15','53965671-a53c-47f8-ab3e-03a13e340d9e','b8761487-dfde-4bec-b8dc-37dc8d17e9cd','3','Veniam nemo facilis aperiam accusantium.','Tempora quam occaecati consequatur ducimus officiis voluptatum voluptas aperiam.','Illo sunt debitis ut et.','Dolores eos sed distinctio sed saepe cupiditate.','Sed amet odit incidunt fugit.','TIEMPO DE EVOLUCIÓN DE LOS SINTOMAS','NO COVID19','Qui dolorum quisquam iure est excepturi.','Quas voluptatem aut illum odio et quis.','Eveniet quia optio minima occaecati in impedit quis voluptatem.','Molestiae eius atque corporis adipisci.',NULL,'2020-04-10 14:16:53','2020-04-10 14:16:53'),
	('a431586a-a13b-4628-afa2-9de81ab136e7','1987-09-10 18:13:03','72c8ce1f-8a26-49bb-a152-d5478388f738','f5124ca1-4f71-494e-8b87-efce4e6402c0','3','Error et ad perspiciatis nam.','Qui ut totam est tempore quia.','Est et odit et harum quis.','Inventore nobis consequatur eos autem maiores corporis provident.','Veritatis tenetur consequatur qui corporis.','DOLOR DEL CUERPO','PROBABLE COVID SINTOMAS LEVES A MODERADOS','Necessitatibus eveniet facere minima excepturi.','Aut voluptas aperiam accusamus qui ipsum.','Eius rerum impedit dolorem optio sed maxime quia.','Earum culpa ab est dicta excepturi aut cumque.',NULL,'2020-04-10 14:16:53','2020-04-10 14:16:53'),
	('a59ed3b9-889a-49c4-ada2-fb176efb868b','2002-01-08 10:18:41','2846e53d-db58-49f4-9d42-033b3d9775a8','966f6133-1462-4b61-a2dc-2df3c7577fbf','2','Esse atque quidem ut dolores voluptatem vel.','Illo et rem perspiciatis voluptas maxime ex et.','Alias nobis at repellat.','Sapiente nihil aut adipisci soluta consequatur aperiam non sed.','Aspernatur ratione ut vero repudiandae delectus placeat libero.','DOLOR DE GARGANTA','PROBABLE COVID SINTOMAS LEVES A MODERADOS','Dicta perspiciatis natus autem saepe esse.','Enim eveniet dolorem exercitationem.','Consequuntur voluptate dolor minus provident enim veniam voluptatem earum.','Magni quaerat enim sint.',NULL,'2020-04-10 14:16:53','2020-04-10 14:16:53'),
	('a5b0fc8f-d898-47c5-a08c-971323048e06','1971-10-17 00:31:09','f6584de4-3fab-41a0-86f1-6bf64e11eb6a','9ebc40f1-4fd2-40d1-8a17-c4fee703c932','2','Saepe vel odit numquam odit.','Consequatur similique beatae est quos ea molestiae recusandae.','Sint doloremque quisquam quibusdam ut sunt quidem excepturi.','Et excepturi atque blanditiis adipisci optio enim quasi.','Animi dolorem ea officia voluptas totam.','DIFICULTAD PARA RESPIRAR','NO COVID19','Tempore nihil sint nisi vel aliquam voluptas.','Quisquam excepturi qui illum ut.','Labore eos qui et quis.','Iste debitis est voluptatem molestiae.',NULL,'2020-04-10 14:16:53','2020-04-10 14:16:53'),
	('a661afc6-9e1a-4683-8083-c4292871f1cb','2010-02-06 04:24:38','5be199e5-c73f-4429-ada6-ba7292ecbca2','f6895c03-93bb-4d8b-837b-76afa97ef53b','2','Vero qui natus quaerat voluptatibus.','Placeat fuga voluptatem sunt.','Nisi temporibus minima quas minima illum dolores velit.','Non voluptates sint aperiam aut.','Pariatur repudiandae ipsa voluptatibus quo quaerat earum.','FIEBRE Y ESCALOFRÍOS','NO COVID19','Nobis iste vel quia.','Nisi at atque ipsam commodi ducimus repellat.','Iusto voluptate aut quaerat fuga.','Consequatur incidunt tenetur tenetur distinctio voluptatibus magni.',NULL,'2020-04-10 14:16:53','2020-04-10 14:16:53'),
	('a7d85730-8ce4-4707-ad2a-a7ea59144543','1970-05-05 23:41:26','d2d36a24-23d3-47e7-82fe-3033af5b5cf2','ff887e4d-b8fe-4e10-b1d8-de048004afe3','3','Totam eveniet veniam cupiditate eum excepturi iusto dolorem.','Et sit sit tempora aut non aspernatur.','Alias itaque debitis dolore voluptatem.','Quasi velit dolorem incidunt magnam.','Unde vero dolor temporibus.','MEDICACIÓN QUE TOMO PARA LOS SINTOMAS','NO COVID19','Ipsam maxime corporis harum.','Repellat qui rem necessitatibus blanditiis et corporis pariatur.','Fugiat consectetur occaecati omnis pariatur debitis.','Repudiandae qui est voluptas unde ipsum nemo.',NULL,'2020-04-10 14:16:53','2020-04-10 14:16:53'),
	('aa99269f-3ff1-4239-b7b7-6888b48616e3','1978-07-18 21:09:18','f6584de4-3fab-41a0-86f1-6bf64e11eb6a','49a10fd9-b4bf-439b-ac25-47522eab8050','1','Est rerum et est vel.','Eius aspernatur delectus vero aliquam explicabo aut animi est.','Vero possimus aut ea.','Dolor ipsam ab ducimus illo corporis doloribus tempora.','Et reiciendis a eos et minus accusamus hic.','MALESTAR GENERAL','PROBABLE COVID SINTOMAS LEVES A MODERADOS','Necessitatibus accusamus pariatur eum quasi.','Qui repudiandae ex nisi enim.','Eum dolorem blanditiis rerum at.','Dolores omnis odio mollitia odit laborum inventore voluptatem.',NULL,'2020-04-10 14:16:53','2020-04-10 14:16:53'),
	('ab8466e1-107b-4eea-aee5-ba2265b9c9d3','2005-04-07 12:33:08','2815a5db-def2-40c7-bd7c-1d8be6d66cd8','e343ab27-5df4-4eeb-9ecf-fa5bdb78bff2','3','Ut modi alias illum dolorem laudantium nostrum voluptatem.','Molestias voluptatibus quod repellendus et.','Rerum harum beatae magni corporis doloremque quaerat.','Nihil harum consequatur autem ipsa magni.','Unde minima nihil quas voluptas enim dolores est.','TIEMPO DE EVOLUCIÓN DE LOS SINTOMAS','PROBABLE COVID SINTOMAS SEVEROS','In culpa recusandae in corporis.','Dicta rem totam iusto eligendi cum.','Voluptatem beatae tempore cupiditate dolores voluptas voluptatibus laboriosam.','Voluptatum perferendis veritatis quae quia non possimus occaecati.',NULL,'2020-04-10 14:16:53','2020-04-10 14:16:53'),
	('ae43b7c8-0fcc-45e8-a5aa-2219520bddaf','2016-09-17 12:42:31','6243d2e6-0c08-4df8-96a7-2bab645f2588','1f261d41-c0e0-4695-8572-4366be4c2c29','1','Quod quis consequatur atque quam.','Aut ipsa voluptas iusto nobis rerum.','Sit facilis aut doloremque laborum ex ea accusamus.','Eius ut modi facere libero omnis quas id.','Reprehenderit autem quo quidem doloremque laudantium qui.','DOLOR DEL CUERPO','NO COVID19','Assumenda pariatur sed voluptates.','Dolore reprehenderit placeat eum animi non ipsa aspernatur dolorem.','Dolor quasi voluptas eos optio nostrum explicabo veniam.','Aut molestias sequi optio ut non est ab in.',NULL,'2020-04-10 14:16:53','2020-04-10 14:16:53'),
	('b075705a-b60b-4f68-a421-901025b98c07','2012-06-07 20:22:19','2d83c2c8-d1e0-46b2-8df9-df9a57c4ee2d','8ab00b78-96bb-44d3-81e2-3f579bec5e76','2','Et odio sit eum excepturi et consequatur et dolorem.','Sunt reprehenderit ea ut repellendus ut.','Vel explicabo animi exercitationem sapiente velit.','Ab est voluptas perspiciatis accusantium corporis omnis natus.','Animi et ad dolorem voluptatem veritatis culpa.','OTROS','NO COVID19','Id consectetur quam cum saepe voluptates quis.','Necessitatibus aut voluptatem debitis ea molestias quod.','Id quas dolor rerum magni.','Et molestiae aperiam voluptatem eos omnis hic.',NULL,'2020-04-10 14:16:53','2020-04-10 14:16:53'),
	('b0b5be5a-5336-4d07-abd4-e1648922b375','2010-05-11 12:35:20','2d83c2c8-d1e0-46b2-8df9-df9a57c4ee2d','1a5e9746-9972-4735-a26a-626d6178600a','3','Aut repellat assumenda perferendis perspiciatis dolores.','Rerum provident soluta sit vel earum quia.','Voluptate nulla dolore cupiditate quis.','Facere non nostrum neque quasi quam eius aliquam.','Velit nisi voluptas id quia deleniti.','FIEBRE Y ESCALOFRÍOS','NO COVID19','Aut omnis sunt cumque ab quo doloribus.','Iusto veniam pariatur nobis.','Eos cupiditate sequi provident consectetur quia aut.','Aperiam veritatis animi numquam at.',NULL,'2020-04-10 14:16:53','2020-04-10 14:16:53'),
	('b1c86920-d22f-4c71-81b4-ae1271f1f110','2003-03-22 07:39:36','6e4a1d51-2893-4b7e-a63c-7529ad471618','f32a1bfa-0809-4ddf-9116-9bef928fa4dd','2','Eius placeat nihil delectus nemo unde.','Molestias eaque quo magnam qui exercitationem aspernatur.','Esse vero aut quia molestiae voluptas amet.','Aliquid pariatur omnis et quidem est expedita.','Nisi magni enim eius in modi provident unde.','ERUPCCIÓN EN LA PIEL','NO COVID19','Culpa voluptatem ut magnam sit quo.','Fugiat aliquam maiores id voluptatem.','Totam saepe recusandae ea quia id ea.','In facilis laudantium expedita sed.',NULL,'2020-04-10 14:16:53','2020-04-10 14:16:53'),
	('b33096ac-1935-4d90-a106-e2ec3ea7e922','1985-04-14 17:25:22','9a5e8b4b-56f1-48a5-886f-43d865403662','c812057b-0d34-48f4-8db5-44dcae1e7d39','3','Aut ipsum molestiae repellat eveniet cumque.','Minus sint et aut illo fugiat facilis.','Et ut id consequatur laborum.','Animi odio culpa explicabo aliquam qui tenetur.','Laborum corrupti facere praesentium excepturi.','TOS','PROBABLE COVID SINTOMAS SEVEROS','Quae harum sed alias nam aliquam omnis et.','Est amet ut aliquid laborum beatae maiores atque.','Voluptatibus ipsa et nesciunt provident asperiores.','Veritatis placeat aut nisi itaque molestiae beatae.',NULL,'2020-04-10 14:16:53','2020-04-10 14:16:53'),
	('b531a257-ccc8-4d1c-9876-a67edc0af1ff','2008-07-18 12:29:17','fbb5d665-c2b4-45ef-81ff-888da89299ea','bc341b9a-933d-4339-b064-59e1409e0488','3','Consequatur in natus fugit ab enim dolores.','Quia quis soluta totam sunt odit sed.','Placeat dicta sunt sapiente iure recusandae.','Quisquam qui earum accusamus quas.','Temporibus et rerum hic omnis rerum beatae.','MALESTAR GENERAL','PROBABLE COVID SINTOMAS SEVEROS','Ut nemo officiis veniam exercitationem.','Quia dolores rem eligendi consequatur optio sed.','Ad laboriosam minus autem explicabo voluptatem molestiae consequuntur dolore.','Voluptas qui reiciendis animi est harum non.',NULL,'2020-04-10 14:16:53','2020-04-10 14:16:53'),
	('b7e996a3-5b5f-4157-be6f-8b393b46e375','1982-05-30 12:36:29','a58e2210-f786-476b-bd21-e3a374c459a0','49a10fd9-b4bf-439b-ac25-47522eab8050','4','Rerum et aspernatur pariatur.','Porro itaque est modi eveniet sed nulla.','Quis aliquid ullam in est in perspiciatis.','Sint est voluptatum voluptatum.','Fuga mollitia iusto quas eos dicta dolore.','TOS','NO COVID19','Earum distinctio nihil veritatis laboriosam perferendis est rerum.','Earum expedita consequatur pariatur fugiat quibusdam.','Mollitia placeat et qui exercitationem in.','Vel autem fugiat minima est autem.',NULL,'2020-04-10 14:16:53','2020-04-10 14:16:53'),
	('baee783e-6fd6-462a-94a6-32b342df50e0','2017-03-12 19:52:32','8d7e81d3-de9a-4f6a-9180-5719db4f9dd1','2b276fae-255e-42cd-8a59-76955b7c2f90','4','Voluptates dolore non neque illo maiores rerum assumenda.','Est officia veniam quis temporibus odit est asperiores.','Perferendis deserunt aspernatur et delectus sequi mollitia molestias.','Laborum ratione magni est dolore nulla et id.','Occaecati aliquam nesciunt distinctio optio quis corrupti et quo.','ERUPCCIÓN EN LA PIEL','PROBABLE COVID SINTOMAS LEVES A MODERADOS','Quae debitis accusamus laboriosam in libero.','Ipsa neque rem recusandae et non enim.','Beatae ducimus necessitatibus quae eum voluptates consequuntur.','Et voluptatem autem ut aut beatae aut excepturi.',NULL,'2020-04-10 14:16:53','2020-04-10 14:16:53'),
	('bbb04a4a-9dbb-4fa1-a4e1-83d7ecb10041','2008-11-25 07:26:09','664430f8-cc35-4ec5-9f53-0718b20a46a5','db23f83c-48ff-4819-b8b8-6f2fc35e8cd6','4','Voluptas sequi consequuntur qui sunt neque.','Magni sint cum dolor ipsam exercitationem culpa officiis.','Optio consectetur voluptatem impedit error eos commodi.','Eos sed aut earum qui aut tenetur molestias porro.','Reiciendis dolorem pariatur quisquam minima ipsum.','ERUPCCIÓN EN LA PIEL','PROBABLE COVID SINTOMAS LEVES A MODERADOS','Fugit aut dolor voluptatibus repudiandae aut consequatur fuga.','Et explicabo rerum voluptatibus omnis ut quibusdam dolores.','Voluptatem ad omnis sequi incidunt voluptas consequatur sequi.','Magnam sunt reprehenderit quaerat repellat corporis aut.',NULL,'2020-04-10 14:16:53','2020-04-10 14:16:53'),
	('bbcb086e-cea5-4a2a-ad4d-d10d472473c6','2001-07-16 16:47:01','6d5e816f-1eac-4699-b3f5-42d4983bef6c','6ef87740-efab-4238-a94c-0305165ce3e8','4','Voluptatem et excepturi reiciendis dolorem tempore.','Molestias ipsam deleniti natus soluta magni maiores quo.','Aut sit at quasi deleniti et.','Aperiam quia quia voluptatem qui asperiores inventore.','Quos sit esse eligendi vero et explicabo.','DOLOR DE GARGANTA','PROBABLE COVID SINTOMAS SEVEROS','Qui omnis quibusdam aut nisi ipsum.','Corporis non et libero qui deleniti ut est.','Laudantium repudiandae dolores voluptatibus exercitationem optio.','Adipisci odit nemo non omnis id quia facere.',NULL,'2020-04-10 14:16:53','2020-04-10 14:16:53'),
	('bd7fda51-86d0-42ad-a034-e3f693891061','2005-03-25 02:21:38','f2242c94-2e7b-4fa4-8306-87f584522323','db23f83c-48ff-4819-b8b8-6f2fc35e8cd6','3','Est fugit error ab assumenda commodi possimus.','Sint quia recusandae fugit dolores.','Exercitationem iure repellat aut libero.','Neque est soluta facere voluptatem.','Eos consectetur impedit eius ullam tenetur non sapiente incidunt.','MALESTAR GENERAL','PROBABLE COVID SINTOMAS LEVES A MODERADOS','Omnis occaecati vitae nihil minus voluptatem rem non nihil.','Autem nisi reiciendis voluptas suscipit.','Voluptates est dicta earum nemo.','Voluptate labore commodi aspernatur saepe.',NULL,'2020-04-10 14:16:53','2020-04-10 14:16:53'),
	('c4aa8f89-32e1-4e66-9ae4-b70db0346c15','1983-05-14 20:07:05','b0e75396-d750-48ef-bf1c-34dda64d43de','d352cff0-ae62-4254-8d08-12b9d55e4e24','4','Et dicta iure eligendi.','Corporis beatae necessitatibus numquam quibusdam et nesciunt.','Est alias et deserunt nostrum et libero.','Sed porro eius quis ducimus dolor qui.','Commodi nihil in magni nesciunt ut eius.','OTROS','NO COVID19','Est sint earum rerum aut et reprehenderit consequatur quos.','Nihil laborum qui et aliquam ratione laborum animi.','Et et praesentium nam repellendus voluptas ab.','Error maiores consequatur recusandae consequatur ad.',NULL,'2020-04-10 14:16:53','2020-04-10 14:16:53'),
	('c64bd055-a563-4518-9d1f-32f2a5837bb9','2015-12-09 08:36:20','72c8ce1f-8a26-49bb-a152-d5478388f738','d15924ee-86e9-41e6-94e2-70d25cb9e43d','1','Repellendus ducimus in illum in.','Autem omnis quia magnam aut.','Voluptatibus qui quibusdam sunt.','Aut enim quam sint deleniti.','Quia beatae expedita voluptas autem magnam aut.','ERUPCCIÓN EN LA PIEL','PROBABLE COVID SINTOMAS LEVES A MODERADOS','Ratione facere incidunt assumenda.','Facere reiciendis similique consequatur.','Magni sit qui ea eius qui voluptas.','Eum illo eaque eius voluptate omnis iusto error.',NULL,'2020-04-10 14:16:53','2020-04-10 14:16:53'),
	('c68d31ae-fb5a-4ee0-bedd-0e8f718722ee','1970-10-02 05:04:00','e0470ea0-ea2b-4a0b-bd14-5c4f895c0485','cdb7ae39-4e41-4697-8800-65d7fca0390a','4','Voluptatem necessitatibus ea qui ad dicta.','Repudiandae ea dolores assumenda provident distinctio consectetur.','Voluptas quae reiciendis dignissimos cupiditate.','Commodi enim incidunt praesentium maiores ut et.','Ducimus quidem distinctio officia enim sint sit.','MALESTAR GENERAL','PROBABLE COVID SINTOMAS LEVES A MODERADOS','Dolorum sunt laborum libero iusto animi.','Rem sed veniam maxime iste.','Labore voluptatum qui id quo dicta.','Optio dolor consequatur reprehenderit.',NULL,'2020-04-10 14:16:53','2020-04-10 14:16:53'),
	('ca768cf4-58bc-42cc-ba36-09259c9fce6b','2007-01-11 18:48:33','ee966916-fa0e-4861-a69d-f093fafcb065','a20157c2-0acd-415f-98e3-7bda58c270df','3','Recusandae earum ea molestias rem aut qui.','Alias quidem fuga nesciunt iusto.','Autem deserunt dolore facere dignissimos porro quia voluptatem.','Ut molestiae est odit error doloremque assumenda sit.','Ut eaque repellendus pariatur aut.','TIEMPO DE EVOLUCIÓN DE LOS SINTOMAS','PROBABLE COVID SINTOMAS SEVEROS','Neque delectus accusantium harum dolores dolorem.','Laborum blanditiis earum in maxime quia.','Dignissimos consequatur et perferendis suscipit enim in eos.','Exercitationem ipsa voluptatem est sunt esse.',NULL,'2020-04-10 14:16:53','2020-04-10 14:16:53'),
	('caa95abb-a5de-490e-9acf-af660a2c92f8','1973-02-17 06:39:09','89f014d1-be76-453e-84e8-86d26c0f6900','ff887e4d-b8fe-4e10-b1d8-de048004afe3','3','Expedita minus corporis voluptatibus tenetur facere architecto vel.','Voluptates eveniet quia et eaque nihil vitae.','Occaecati nihil quos quia minima provident.','Et aut molestiae cupiditate ea debitis occaecati aut.','Harum culpa temporibus voluptas unde eligendi ea.','DOLOR DE GARGANTA','PROBABLE COVID SINTOMAS LEVES A MODERADOS','Quaerat modi culpa quas exercitationem dolores accusamus eaque.','Repellat est ratione magni maiores harum sint harum.','Quibusdam omnis est consequatur sed mollitia.','Reiciendis quae odit quos fuga et.',NULL,'2020-04-10 14:16:53','2020-04-10 14:16:53'),
	('ce80e515-eb70-4b02-8722-5e233da71d12','1979-03-09 12:11:00','9a5e8b4b-56f1-48a5-886f-43d865403662','d7beedba-1442-4f10-8841-0a4f6dd34185','2','Nisi est ducimus soluta est.','Ut omnis dolores autem fuga nesciunt deserunt.','Quis incidunt nobis maxime occaecati blanditiis recusandae.','Minima error quae sed quae aperiam aspernatur.','Et qui repellendus nemo corporis nostrum.','DIFICULTAD PARA RESPIRAR','PROBABLE COVID SINTOMAS LEVES A MODERADOS','Assumenda blanditiis velit qui consequatur vel quisquam aut.','Sed et voluptas quas culpa ducimus et.','Assumenda facilis commodi doloremque quibusdam doloribus.','Tempora consectetur iusto vitae aut et asperiores qui doloremque.',NULL,'2020-04-10 14:16:53','2020-04-10 14:16:53'),
	('cf3c27b9-3a4c-4bad-9e08-e939393eeced','2005-04-01 17:11:12','396c8e10-d1d0-4ee5-9113-4eb8acaf891f','58d3f0fa-3679-4225-bce5-32cb9e72aa67','1','Odit est quos consequuntur minus.','Illo voluptates voluptatum modi aut vel non.','Vel quo libero eum id cupiditate.','Consequatur qui in molestias id iure.','Nulla delectus distinctio dolores ea harum.','TIEMPO DE EVOLUCIÓN DE LOS SINTOMAS','PROBABLE COVID SINTOMAS SEVEROS','Assumenda occaecati nesciunt modi totam aut et a.','Beatae dolorum corporis fugit tempore voluptatem.','Laboriosam ut fugit ut error ut sunt.','Cumque ut et aut placeat quam facilis.',NULL,'2020-04-10 14:16:53','2020-04-10 14:16:53'),
	('d38be904-b859-4aaa-b8d8-0793e812a88a','2017-09-23 18:54:13','d30daaee-7b6d-48f1-bfcb-69b952c1471e','4e8fc357-8cdf-4864-8c5c-2c7fcdf57784','3','Quasi laudantium tenetur sed omnis non commodi.','Eveniet cum eos quas et aut.','Provident omnis consequuntur adipisci veniam culpa.','Eum aut distinctio a autem non reiciendis.','Libero minima ipsam dolorem fuga.','TOS','PROBABLE COVID SINTOMAS LEVES A MODERADOS','Quo eos rerum consectetur voluptatem.','Voluptas atque aliquam quisquam et.','Nihil quia mollitia quia sequi est.','Ducimus ea sed molestiae.',NULL,'2020-04-10 14:16:53','2020-04-10 14:16:53'),
	('d4e75dd3-696f-4276-8586-24bc6d1137e3','1982-08-11 05:11:13','baf5c4e5-cd9d-421a-82b0-f3c514b69230','1f261d41-c0e0-4695-8572-4366be4c2c29','2','Dolores dolorem totam possimus doloribus tenetur molestias.','In illum iure maxime velit quia.','Ut ab fugit animi.','Enim et sit quam modi.','Nemo quia accusantium debitis consectetur.','DOLOR DEL CUERPO','NO COVID19','Dolore et nobis consequuntur quis velit.','Culpa consectetur laudantium consectetur voluptate.','Velit voluptatem aspernatur at.','Natus optio ea aut excepturi blanditiis.',NULL,'2020-04-10 14:16:53','2020-04-10 14:16:53'),
	('d5e43749-cadd-4502-91bf-e818aa7aa756','2014-04-05 03:42:27','9a5e8b4b-56f1-48a5-886f-43d865403662','65f467b6-c20b-429a-8953-90dd502375e4','1','Velit nemo officiis facilis numquam ut.','Consequatur officiis alias expedita.','Neque est unde perspiciatis.','Sequi doloribus non velit quia voluptatibus molestiae facere repudiandae.','Ipsum enim et repellat quo maxime consequatur corporis est.','TOS','NO COVID19','In itaque sint vitae cum velit est.','Aut consequuntur amet et cupiditate dolor aut earum.','Cupiditate perferendis labore accusantium.','Dolor numquam tenetur quam odit deserunt.',NULL,'2020-04-10 14:16:53','2020-04-10 14:16:53'),
	('d6e850eb-d5f9-4c7f-b20d-524b3eb83911','1983-02-18 01:22:26','53965671-a53c-47f8-ab3e-03a13e340d9e','db23f83c-48ff-4819-b8b8-6f2fc35e8cd6','3','Quis magnam tempora eum fuga delectus corrupti blanditiis.','Eos atque qui consectetur eos ut et consequatur.','Modi sequi possimus culpa rerum incidunt debitis.','Ipsa neque accusantium est fugit iste.','Ea voluptatem itaque numquam necessitatibus hic sunt sed.','ERUPCCIÓN EN LA PIEL','NO COVID19','Totam placeat ea omnis error laudantium odit quam.','Saepe quas eaque quo.','Omnis dolore et alias error et aut.','Id quos soluta consequuntur id.',NULL,'2020-04-10 14:16:53','2020-04-10 14:16:53'),
	('d727cd72-2ede-435b-903c-add6b876fd2f','1980-06-17 10:39:00','664430f8-cc35-4ec5-9f53-0718b20a46a5','ee93bc37-a358-436b-8507-2d9f9de5ed58','4','Non corrupti voluptatem reiciendis.','Fuga et est repellendus magni sunt omnis eos.','Ipsam aut aut est id optio voluptatem in.','Quia dolores illum ea minima sed et omnis.','Possimus doloremque totam aut ipsum nostrum.','MALESTAR GENERAL','NO COVID19','Eum earum quas voluptas.','Similique maiores molestiae eos iusto consequatur.','Nemo et dolor iusto est cum corrupti expedita.','Et pariatur qui dolorem eos et ea.',NULL,'2020-04-10 14:16:53','2020-04-10 14:16:53'),
	('d764cb85-f110-4ea1-804f-ae247a208605','1990-06-24 04:00:13','6243d2e6-0c08-4df8-96a7-2bab645f2588','92c7c8c5-76dc-4b73-b0c8-74437a2c2793','4','Similique sit reprehenderit asperiores et maiores eum.','Ad porro at illo rerum repudiandae architecto laborum quis.','Rerum ratione labore dolore eaque.','Illo in a rem est asperiores fugit.','Dolor quaerat est vel odit ipsam non.','DIARREA','NO COVID19','Dolore sunt dolores totam iste reprehenderit et sunt.','Reprehenderit dolorum voluptates architecto qui placeat consequatur.','In optio maxime illum est occaecati beatae.','Illum sapiente repellendus sapiente molestiae harum.',NULL,'2020-04-10 14:16:53','2020-04-10 14:16:53'),
	('d9ab1be7-d4c7-48df-befd-4841c909ad5f','2005-03-03 07:43:52','396c8e10-d1d0-4ee5-9113-4eb8acaf891f','3faf2f47-d690-4ca0-a213-6d61ccf2dba9','4','Et ut eos fugit.','Ex sit quia reiciendis.','Neque asperiores et cupiditate ad quis eum velit molestiae.','Est non sint doloribus culpa omnis.','Ut incidunt ad molestias in deserunt.','DOLOR DE GARGANTA','PROBABLE COVID SINTOMAS LEVES A MODERADOS','Quam impedit ut enim sint distinctio quasi odio.','Minima nisi voluptatum nemo et nobis et sunt.','Est aperiam architecto aut cupiditate cumque.','Recusandae voluptas quis adipisci animi voluptatum dicta ipsam.',NULL,'2020-04-10 14:16:53','2020-04-10 14:16:53'),
	('d9ad14b8-a633-494a-918c-8f6b52ab4ff1','1990-06-15 12:10:31','91e7c2ad-a864-4e13-a653-856663f991d9','ed7d6d20-295f-4e0a-989a-0ac5125120ca','2','Impedit quaerat minima asperiores officia.','Atque eos repellendus veniam explicabo.','Ratione voluptates quam voluptatem et.','Quos aut nisi rerum tempore consequatur velit alias corporis.','Reiciendis nisi quibusdam et ut error.','DOLOR DEL CUERPO','NO COVID19','Sint ut qui atque omnis ullam vero in.','Repudiandae est accusantium est quibusdam tempora dolor.','Saepe culpa iusto aut non quas tempora neque.','Iure maxime repudiandae labore veritatis iure ipsa nihil.',NULL,'2020-04-10 14:16:53','2020-04-10 14:16:53'),
	('dd0b7bdd-84a7-4296-a09d-f270321a2966','1989-06-19 21:28:00','d54042db-6aa0-4953-b085-baa8d084c8c0','716770b3-08d2-4947-af8f-fee72a358c8a','3','Delectus natus eum in omnis vel qui voluptate.','In doloremque in magni dolor.','Aut iusto praesentium quasi.','Sit ullam error dolores et veritatis.','Incidunt sunt error sint reprehenderit.','MALESTAR GENERAL','PROBABLE COVID SINTOMAS SEVEROS','Quos eligendi illum saepe tempore qui mollitia sunt.','Unde nobis aut ab cupiditate commodi.','Ut officiis perspiciatis sint.','Similique sint ex et illum animi saepe enim eum.',NULL,'2020-04-10 14:16:53','2020-04-10 14:16:53'),
	('de3bc95d-d51b-4a77-b182-831ba6c091d7','1974-11-22 05:45:11','f7aabf52-f744-48be-a029-937d1ab2bed3','4e8fc357-8cdf-4864-8c5c-2c7fcdf57784','3','Aut laudantium sunt molestias alias nisi dolorem.','Non iure molestiae veniam consequatur ipsam similique.','Officia laboriosam corporis delectus perferendis voluptatem error itaque esse.','Cumque amet vel voluptatem reprehenderit a ipsam.','Mollitia velit et est.','ERUPCCIÓN EN LA PIEL','PROBABLE COVID SINTOMAS LEVES A MODERADOS','Rem ad enim quia et esse eos.','Nulla fugit ut minima.','Incidunt et consequatur aut ipsum porro ad.','Repudiandae mollitia dolores occaecati praesentium vitae accusamus.',NULL,'2020-04-10 14:16:53','2020-04-10 14:16:53'),
	('dffcda65-aae7-4447-99f3-81c020b45d9c','2019-09-05 08:45:52','d30daaee-7b6d-48f1-bfcb-69b952c1471e','4e8fc357-8cdf-4864-8c5c-2c7fcdf57784','3','Unde delectus repellendus quidem odit numquam debitis sit.','Vitae non a numquam magni sit inventore eos maxime.','Voluptatibus repudiandae ab earum veniam.','Harum rerum laborum et exercitationem doloribus.','Cum est quam laborum eaque vero aut amet.','TIEMPO DE EVOLUCIÓN DE LOS SINTOMAS','PROBABLE COVID SINTOMAS LEVES A MODERADOS','Aut ut beatae sapiente ut culpa rerum corporis.','At dolorum ea provident minus incidunt ducimus.','Enim et est est similique.','Est quisquam sed et voluptas provident consequuntur labore voluptatum.',NULL,'2020-04-10 14:16:53','2020-04-10 14:16:53'),
	('e1003c9a-a81a-4d3d-8a75-0cd9079f531c','1978-09-01 11:37:54','fbb5d665-c2b4-45ef-81ff-888da89299ea','ba5c2833-13bc-47e8-bfe9-73b5d198a2a7','1','Autem ab id soluta modi iusto.','Et non qui aut.','Rerum qui et aut sed omnis voluptatem sed.','Similique doloribus tempora ut et et velit illo nemo.','Ipsam eos eum qui et vitae ut.','DIARREA','PROBABLE COVID SINTOMAS SEVEROS','Sapiente rerum iure et dolore et est et.','Quasi sequi eveniet numquam dolorem voluptatem similique laborum.','Itaque culpa fugiat ab quasi.','Ratione iste consequatur vel est distinctio tempora nesciunt qui.',NULL,'2020-04-10 14:16:53','2020-04-10 14:16:53'),
	('e1f27dcb-1076-4b9b-84ca-1d62ac0f6e58','2019-02-10 09:48:27','d54042db-6aa0-4953-b085-baa8d084c8c0','fb83caaf-c04a-4ee2-b608-8500ce2a6d71','2','Sapiente suscipit voluptatem aspernatur accusamus at labore.','Et et sapiente omnis nemo est maxime sit.','Quia soluta minus explicabo repellat voluptatem.','Odit blanditiis repellendus ut quasi voluptatem ullam ut qui.','Quo laborum sunt dolores facilis repellat adipisci.','DIFICULTAD PARA RESPIRAR','PROBABLE COVID SINTOMAS SEVEROS','Tempora fuga incidunt laudantium vitae.','Molestias officia quasi omnis ex laboriosam voluptate.','Maxime saepe ipsum non molestias pariatur unde.','Molestias cupiditate illum harum soluta recusandae at.',NULL,'2020-04-10 14:16:53','2020-04-10 14:16:53'),
	('e3d9b194-f113-42ed-aedf-f27d9fa98dab','2015-09-25 05:20:12','89f014d1-be76-453e-84e8-86d26c0f6900','1af9871d-acea-4739-84e7-5756c23a426e','3','Quae culpa aperiam id eius sint optio.','Saepe dolores sit illo dicta corporis aut.','Qui error recusandae provident optio error vel asperiores.','Dolores dolores omnis harum nostrum.','Omnis autem impedit voluptatem doloremque doloremque aut et quasi.','TOS','PROBABLE COVID SINTOMAS LEVES A MODERADOS','Rerum delectus asperiores earum eligendi facere.','Natus perspiciatis nihil minus est libero consequatur.','Ipsam in consequuntur enim.','Quod enim distinctio soluta aspernatur accusamus sequi.',NULL,'2020-04-10 14:16:53','2020-04-10 14:16:53'),
	('e47b6c12-c885-4614-ae59-3b45c73df1b3','1995-05-14 08:03:52','5be199e5-c73f-4429-ada6-ba7292ecbca2','21067918-1918-452f-8d00-ad990dda2202','1','Recusandae nihil officiis et explicabo dolores.','Et dolor maxime cum quia sed et.','Rerum molestias dolorem omnis numquam laboriosam quasi.','Officia sed nemo doloremque tempore.','Quam id enim recusandae voluptate occaecati sunt cumque.','OTROS','NO COVID19','At assumenda voluptatem unde repellat ipsam aspernatur repellendus.','Asperiores fugit similique alias dolores beatae aut omnis qui.','Dolores nihil sit sit ut.','Aspernatur officia qui nihil itaque aspernatur et.',NULL,'2020-04-10 14:16:53','2020-04-10 14:16:53'),
	('e65d4c09-38b4-4920-b6a2-f46f99097d02','1982-08-26 05:08:47','87bffa6d-cc99-4e3e-8d26-d854571a8962','1af9871d-acea-4739-84e7-5756c23a426e','4','Qui est ab inventore fuga ut.','Pariatur reiciendis praesentium ipsa voluptate esse consequatur quidem aspernatur.','Necessitatibus quia cum est modi.','Sequi et dolorum nihil nemo.','Amet aperiam voluptatum quis exercitationem.','MALESTAR GENERAL','NO COVID19','Adipisci assumenda quia natus quo itaque corrupti.','Ipsum sequi aut iusto omnis tempore.','Repellendus sequi sed praesentium officiis hic.','Debitis minima distinctio minus officia aut.',NULL,'2020-04-10 14:16:53','2020-04-10 14:16:53'),
	('ea151452-b0df-4986-b3ef-4268a93bf074','1981-10-09 06:44:10','e954dc81-9336-482f-b881-2f37b3505efd','3d4d0a04-144f-4ae3-a72b-c318d72f732d','4','Sapiente minima amet rerum veritatis voluptatem dolores voluptatem dicta.','Quod et et quo.','Dolorem et sunt officia.','Optio voluptatem sunt corrupti unde.','Ipsam tempora maxime cum exercitationem soluta.','MEDICACIÓN QUE TOMO PARA LOS SINTOMAS','NO COVID19','Ex assumenda dolores quos aut consequatur accusantium.','Tenetur qui eveniet qui deleniti earum nihil dolores.','Iste dolor nostrum enim est beatae incidunt.','Laboriosam est blanditiis sint voluptate et veniam.',NULL,'2020-04-10 14:16:53','2020-04-10 14:16:53'),
	('ea1d0540-c58b-49ae-a8c5-f6d421c35fb0','2006-03-02 14:04:36','2846e53d-db58-49f4-9d42-033b3d9775a8','8146cad9-6f69-4031-aef5-8d7ca331a84c','1','Sint blanditiis omnis ut aperiam eligendi reiciendis quod.','Quasi magnam sint nulla suscipit totam.','Sed delectus est dicta nihil inventore.','Nostrum eligendi itaque et tenetur ut ea commodi.','Voluptatem sequi quia eos sapiente.','DOLOR DE GARGANTA','PROBABLE COVID SINTOMAS LEVES A MODERADOS','Iure inventore eaque aliquam vero totam corrupti.','Libero natus minima ad fugit.','Qui sed tempora excepturi est quae.','Doloremque id dignissimos ullam sint aut doloribus.',NULL,'2020-04-10 14:16:53','2020-04-10 14:16:53'),
	('ec8d87f4-89ea-4162-a794-368779b0accb','1980-06-30 07:44:20','ee966916-fa0e-4861-a69d-f093fafcb065','e7374675-ebb4-4a25-958b-85ef5570bb3c','4','Et sunt officia unde qui.','Possimus aperiam sed autem quidem eligendi assumenda.','Ducimus voluptas nobis consequatur beatae nostrum ut.','Suscipit nulla non voluptas omnis non voluptatem et.','Rem reprehenderit cupiditate quis velit dolor repellendus.','DIFICULTAD PARA RESPIRAR','NO COVID19','Molestiae accusantium iusto tenetur rem quae quis quas ad.','A inventore voluptas eum et harum.','Maiores est fugit adipisci assumenda distinctio doloremque.','Non similique ipsam incidunt ipsa quia reprehenderit earum.',NULL,'2020-04-10 14:16:53','2020-04-10 14:16:53'),
	('f0d0b3af-6724-42e6-a931-71665a4bb215','2020-03-14 18:57:43','6d5e816f-1eac-4699-b3f5-42d4983bef6c','a63ef007-81f1-4814-bf09-9649150b17b8','4','Accusantium dignissimos rem et iusto molestiae explicabo assumenda id.','Est itaque beatae deserunt sint dolorem.','Praesentium quo quisquam ad provident voluptas et libero amet.','Iste vero ut eius qui facere doloremque ea.','Quaerat exercitationem fugit earum voluptatem.','MALESTAR GENERAL','PROBABLE COVID SINTOMAS SEVEROS','Sint nesciunt illum pariatur adipisci.','Ipsa repellendus dicta et et.','Minima quia commodi et rerum.','Est voluptas labore velit quam modi assumenda.',NULL,'2020-04-10 14:16:53','2020-04-10 14:16:53'),
	('f1c26051-d02b-45ce-8836-5bbbe52dfad8','2009-10-01 02:10:47','3d4c5afc-ea5b-4fb5-a687-93cf4fd66f2f','4e8fc357-8cdf-4864-8c5c-2c7fcdf57784','1','Est adipisci eveniet fugiat architecto natus consequatur.','Libero nam sint ea enim et sunt.','Distinctio nostrum dolor iusto.','Nemo omnis doloremque placeat excepturi magnam.','Et ut sit laborum vitae autem voluptates unde.','PERDIDA DEL OLFATO Y/O GUSTO','PROBABLE COVID SINTOMAS LEVES A MODERADOS','Sit unde earum est dicta cum ex excepturi occaecati.','Deleniti minima repellendus ut distinctio aut.','Neque neque laudantium magnam aperiam dolorum animi qui.','Et aut dolor eius autem modi incidunt hic.',NULL,'2020-04-10 14:16:53','2020-04-10 14:16:53'),
	('f237675e-6b46-4f0a-97f2-72ff8eac01cf','1980-09-17 20:50:42','b0e75396-d750-48ef-bf1c-34dda64d43de','09cf7e51-4d2f-4a91-8d8c-ca127b3f149d','4','Autem amet unde est hic.','Harum expedita ex qui molestias blanditiis nam dicta similique.','Quia distinctio minus eos doloribus eveniet dolor.','Qui iusto laudantium voluptatum nesciunt.','Sequi rerum repudiandae vero sint ut nihil quaerat quo.','ERUPCCIÓN EN LA PIEL','PROBABLE COVID SINTOMAS SEVEROS','Atque incidunt aliquid repellat quia.','Vero ad rerum autem esse corrupti.','Ut non architecto ex omnis sit non et reiciendis.','Sint et non ut aliquid modi.',NULL,'2020-04-10 14:16:53','2020-04-10 14:16:53'),
	('f2ddc69c-a32a-4423-8482-8f9b05ae63e9','1994-03-18 13:30:32','89f014d1-be76-453e-84e8-86d26c0f6900','2eafcc9a-2b32-42ff-aaf6-d1188c267a21','1','Eius voluptate sunt accusamus labore.','Nemo eaque nam quia ut laborum.','Quis in esse corporis commodi dicta aut ipsum.','Doloremque nobis quis consequuntur fugiat qui voluptatum dolor.','Et non pariatur rerum omnis ut.','TIEMPO DE EVOLUCIÓN DE LOS SINTOMAS','PROBABLE COVID SINTOMAS SEVEROS','Quidem ut dolores maiores alias corrupti error.','Voluptate tenetur eum est non vel quod voluptates.','Eos itaque et ab magnam dignissimos eligendi.','Veritatis nobis dolores voluptas voluptas.',NULL,'2020-04-10 14:16:53','2020-04-10 14:16:53'),
	('f5350496-0b9e-4fcc-bc09-f33110d5bb4f','1989-02-25 06:09:50','d54042db-6aa0-4953-b085-baa8d084c8c0','203836fb-9484-47ce-aa64-4d22a93fcca4','3','Praesentium earum et modi quisquam.','Suscipit ipsum et est ipsa quidem aut.','Minus molestiae sunt sed rem consectetur tempora.','Repudiandae dignissimos itaque atque optio voluptatem voluptatibus.','Ad corporis perspiciatis ea quidem.','DOLOR DE GARGANTA','NO COVID19','Facere eligendi dolor quo incidunt.','Totam saepe reiciendis eius.','Ad eos iste provident enim aut impedit rerum.','Soluta quidem eligendi animi maiores excepturi.',NULL,'2020-04-10 14:16:53','2020-04-10 14:16:53'),
	('f7d787a3-c99b-454b-ad6e-e72ed473e3bd','1973-03-16 21:47:18','173ec638-6b15-4f81-a86d-cc32cd9bf75f','528ec3f5-429e-4fd0-9ce8-bc52483490ac','2','Sapiente necessitatibus porro cupiditate et commodi ratione molestiae.','Laboriosam minima ea aliquid voluptatibus qui nam ullam.','Eligendi ut temporibus natus dolore impedit eveniet magnam quaerat.','Non ut expedita voluptas repudiandae repellendus deleniti illum blanditiis.','Consectetur a laborum quo.','TOS','NO COVID19','Totam ipsa consectetur occaecati.','Possimus aut ad fugit placeat.','Aut unde et voluptas exercitationem velit.','Autem ut molestiae voluptas similique distinctio.',NULL,'2020-04-10 14:16:53','2020-04-10 14:16:53'),
	('fa879bba-c02e-452e-9d47-033b78806d3e','1978-11-22 05:06:20','396c8e10-d1d0-4ee5-9113-4eb8acaf891f','2b276fae-255e-42cd-8a59-76955b7c2f90','3','Enim ut esse pariatur illo corrupti.','Tempora ab numquam sequi rerum pariatur.','Ducimus libero quod expedita aut laboriosam nesciunt ex.','Aspernatur placeat velit repellendus.','Nesciunt ex autem quia dignissimos labore harum et ut.','PERDIDA DEL OLFATO Y/O GUSTO','PROBABLE COVID SINTOMAS LEVES A MODERADOS','Voluptate accusantium adipisci eaque ut ex nobis.','Tempora quas quos sed tempore consequatur illo.','Voluptatem non maiores sit aut est.','Impedit omnis repellat sit nesciunt fugiat.',NULL,'2020-04-10 14:16:53','2020-04-10 14:16:53'),
	('fd632137-4209-47bb-b20e-083150367f27','1977-05-31 02:10:48','ee966916-fa0e-4861-a69d-f093fafcb065','ff887e4d-b8fe-4e10-b1d8-de048004afe3','4','Maxime ut optio repudiandae dolorem quibusdam.','Beatae iure necessitatibus accusantium dolore.','Sit possimus ullam debitis vel dolore.','Inventore aut neque alias et ab ex accusamus.','Eos reprehenderit illum vel ex a quibusdam.','DIARREA','NO COVID19','Et quod ut a inventore ad rerum omnis.','Possimus sint consequatur laborum accusamus voluptatibus in.','Et explicabo cupiditate porro odio repudiandae quaerat quia atque.','Nisi rerum quis sequi accusamus vel deleniti.',NULL,'2020-04-10 14:16:53','2020-04-10 14:16:53'),
	('ffd55551-1cc9-429b-bcea-33cf4e5aaf9d','1980-05-16 19:32:10','ec952281-cab8-42f4-860f-6f02a1db5b92','36f1f670-dbd6-454c-9d01-7873b0ec002e','4','Non illum in placeat eius cumque excepturi.','Temporibus sit omnis repellat voluptas voluptas cupiditate enim delectus.','Eaque eos totam omnis.','Autem rerum necessitatibus consequuntur iste molestiae veritatis consequuntur.','Eaque tempora fugit doloremque ut eaque dignissimos nihil.','DOLOR DE GARGANTA','NO COVID19','Beatae voluptatem dolorem libero quibusdam voluptatem enim nemo.','Recusandae eligendi distinctio qui culpa.','Nobis voluptas aut qui atque.','Quia aliquam est est hic ut aperiam.',NULL,'2020-04-10 14:16:53','2020-04-10 14:16:53');

/*!40000 ALTER TABLE `ficha_pacientes` ENABLE KEYS */;
UNLOCK TABLES;


# Dump of table medicos
# ------------------------------------------------------------

DROP TABLE IF EXISTS `medicos`;

CREATE TABLE `medicos` (
  `id` char(36) COLLATE utf8mb4_unicode_ci NOT NULL,
  `nombre` varchar(191) COLLATE utf8mb4_unicode_ci NOT NULL,
  `paterno` varchar(191) COLLATE utf8mb4_unicode_ci NOT NULL,
  `materno` varchar(191) COLLATE utf8mb4_unicode_ci NOT NULL,
  `especialidad` varchar(191) COLLATE utf8mb4_unicode_ci NOT NULL,
  `telefono` varchar(50) COLLATE utf8mb4_unicode_ci NOT NULL,
  `created_at` timestamp NULL DEFAULT NULL,
  `updated_at` timestamp NULL DEFAULT NULL,
  PRIMARY KEY (`id`)
) ENGINE=InnoDB DEFAULT CHARSET=utf8mb4 COLLATE=utf8mb4_unicode_ci;

LOCK TABLES `medicos` WRITE;
/*!40000 ALTER TABLE `medicos` DISABLE KEYS */;

INSERT INTO `medicos` (`id`, `nombre`, `paterno`, `materno`, `especialidad`, `telefono`, `created_at`, `updated_at`)
VALUES
	('173ec638-6b15-4f81-a86d-cc32cd9bf75f','Glen','Rippin','Green','Geriatría','(662) 489-9399 x65731','2020-04-10 14:16:31','2020-04-10 14:16:31'),
	('241efa2f-1edd-443f-8e35-c3d574a3580b','Era','Gorczany','Boyle','Epidemiología','(404) 461-2965 x687','2020-04-10 14:16:31','2020-04-10 14:16:31'),
	('2815a5db-def2-40c7-bd7c-1d8be6d66cd8','Lysanne','Metz','Monahan','Anestesiología','1-469-381-5480','2020-04-10 14:16:31','2020-04-10 14:16:31'),
	('2846e53d-db58-49f4-9d42-033b3d9775a8','Leonora','Halvorson','Blick','Anestesiología','1-892-565-8669','2020-04-10 14:16:31','2020-04-10 14:16:31'),
	('2d83c2c8-d1e0-46b2-8df9-df9a57c4ee2d','Rosalyn','Marvin','Blick','Epidemiología','+1 (315) 433-4713','2020-04-10 14:16:31','2020-04-10 14:16:31'),
	('35f29b17-9d59-4872-b455-24aadb6714b1','juan','choque','quispe','asdf','564654','2020-04-10 14:39:38','2020-04-10 14:39:38'),
	('36b59b14-092e-466f-b733-6aa893142dec','Gabriella','Kling','Rath','Alergología','952-802-9475 x76096','2020-04-10 14:16:31','2020-04-10 14:16:31'),
	('396c8e10-d1d0-4ee5-9113-4eb8acaf891f','Zechariah','Lemke','Kling','Nefrología','901.346.6528 x27729','2020-04-10 14:16:31','2020-04-10 14:16:31'),
	('3d4c5afc-ea5b-4fb5-a687-93cf4fd66f2f','Braden','Jast','Simonis','Gastroenterología','369-233-2796','2020-04-10 14:16:31','2020-04-10 14:16:31'),
	('46b312c3-8b39-4e16-8476-01b41ccddd68','Agustin','Renner','Brekke','Epidemiología','445.762.3150 x05463','2020-04-10 14:16:31','2020-04-10 14:16:31'),
	('53965671-a53c-47f8-ab3e-03a13e340d9e','Tamia','Dach','Larkin','Nefrología','819.713.0931','2020-04-10 14:16:31','2020-04-10 14:16:31'),
	('5be199e5-c73f-4429-ada6-ba7292ecbca2','Keven','Flatley','Lubowitz','Nefrología','(837) 812-7888','2020-04-10 14:16:31','2020-04-10 14:16:31'),
	('6243d2e6-0c08-4df8-96a7-2bab645f2588','Ludie','Sauer','Walsh','Endocrinología','491-820-4062 x116','2020-04-10 14:16:31','2020-04-10 14:16:31'),
	('664430f8-cc35-4ec5-9f53-0718b20a46a5','Pearl','Lesch','Borer','Alergología','618-954-9928','2020-04-10 14:16:31','2020-04-10 14:16:31'),
	('6d5e816f-1eac-4699-b3f5-42d4983bef6c','Aron','McLaughlin','Rowe','Geriatría','729.881.2156','2020-04-10 14:16:31','2020-04-10 14:16:31'),
	('6d7f660e-70d0-4e44-9b10-b6a08578c595','May','Wisozk','Howe','Anestesiología','610-637-5398 x1461','2020-04-10 14:16:31','2020-04-10 14:16:31'),
	('6e4a1d51-2893-4b7e-a63c-7529ad471618','Erwin','Steuber','Schamberger','Cardiología','304-343-3443','2020-04-10 14:16:31','2020-04-10 14:16:31'),
	('72c8ce1f-8a26-49bb-a152-d5478388f738','Amir','Gulgowski','Ankunding','Geriatría','(814) 903-2914 x618','2020-04-10 14:16:31','2020-04-10 14:16:31'),
	('77e478b5-f0bb-4da9-aad9-0e0fe62bc1d8','Korbin','Parker','Osinski','Anestesiología','462-921-6317 x17611','2020-04-10 14:16:31','2020-04-10 14:16:31'),
	('82745715-16c1-4122-89b1-ea93ff708337','Amaya','Jerde','Ebert','Gastroenterología','+16464370896','2020-04-10 14:16:31','2020-04-10 14:16:31'),
	('87bffa6d-cc99-4e3e-8d26-d854571a8962','Barton','Cummings','Halvorson','Nefrología','+19929664327','2020-04-10 14:16:31','2020-04-10 14:16:31'),
	('89f014d1-be76-453e-84e8-86d26c0f6900','Florine','Hills','Tillman','Nefrología','1-954-339-5654','2020-04-10 14:16:31','2020-04-10 14:16:31'),
	('8c518046-b2ac-475d-b461-d76ad2b298cd','Dovie','Rogahn','Botsford','Endocrinología','1-332-457-1678 x053','2020-04-10 14:16:31','2020-04-10 14:16:31'),
	('8c89a7a3-f429-433a-a93a-a3bed15f6275','Jacky','Rohan','D\'Amore','Endocrinología','661-215-2635','2020-04-10 14:16:31','2020-04-10 14:16:31'),
	('8d7e81d3-de9a-4f6a-9180-5719db4f9dd1','Newell','Ritchie','Frami','Nefrología','1-562-900-3862 x1621','2020-04-10 14:16:31','2020-04-10 14:16:31'),
	('91e7c2ad-a864-4e13-a653-856663f991d9','Lindsay','Adams','McLaughlin','Geriatría','1-941-758-3165 x9047','2020-04-10 14:16:31','2020-04-10 14:16:31'),
	('924713d0-789b-4f99-81ce-fa90a26d56e7','Camron','McDermott','Jacobson','Gastroenterología','631-212-8838','2020-04-10 14:16:31','2020-04-10 14:16:31'),
	('9a5e8b4b-56f1-48a5-886f-43d865403662','Ada','Hermann','Brakus','Alergología','673-302-6631 x767','2020-04-10 14:16:31','2020-04-10 14:16:31'),
	('9d0e6522-b8e6-4b33-91e2-83175cf91628','Maurine','Williamson','Herman','Alergología','282.572.2816 x66365','2020-04-10 14:16:31','2020-04-10 14:16:31'),
	('a55b9055-52a6-465c-9e3d-410ccceb1aa5','Letitia','Wiegand','Stanton','Endocrinología','1-640-317-8862 x6658','2020-04-10 14:16:31','2020-04-10 14:16:31'),
	('a58e2210-f786-476b-bd21-e3a374c459a0','Joanny','Schuster','Farrell','Gastroenterología','424.819.2977 x8398','2020-04-10 14:16:31','2020-04-10 14:16:31'),
	('a8dc5aee-1827-45a0-8b20-efd05ec63397','Luisa','Rau','Carroll','Endocrinología','(865) 512-5274 x304','2020-04-10 14:16:31','2020-04-10 14:16:31'),
	('a96f2ead-3b7b-48ba-b392-da9b3a30f3a3','Effie','Berge','Cartwright','Nefrología','639.730.5504','2020-04-10 14:16:31','2020-04-10 14:16:31'),
	('b0e75396-d750-48ef-bf1c-34dda64d43de','Ernestina','Kassulke','Lynch','Gastroenterología','1-382-651-9092 x94994','2020-04-10 14:16:31','2020-04-10 14:16:31'),
	('baf5c4e5-cd9d-421a-82b0-f3c514b69230','Wellington','Wisozk','Berge','Epidemiología','1-896-682-4476 x2700','2020-04-10 14:16:31','2020-04-10 14:16:31'),
	('bd851953-cf08-4bad-b1bf-74a6cc5782c3','Melvin','Murray','Christiansen','Nefrología','(926) 830-2584 x820','2020-04-10 14:16:31','2020-04-10 14:16:31'),
	('c0e2a690-c4f2-4051-b39a-a40f6db46507','Karlee','Luettgen','Rath','Cardiología','+1-309-447-9796','2020-04-10 14:16:31','2020-04-10 14:16:31'),
	('d2d36a24-23d3-47e7-82fe-3033af5b5cf2','Eda','Adams','Blanda','Alergología','+1.371.789.2228','2020-04-10 14:16:31','2020-04-10 14:16:31'),
	('d30daaee-7b6d-48f1-bfcb-69b952c1471e','Barry','O\'Hara','Wilderman','Geriatría','854.766.4643 x4693','2020-04-10 14:16:31','2020-04-10 14:16:31'),
	('d54042db-6aa0-4953-b085-baa8d084c8c0','Walter','Heidenreich','Terry','Endocrinología','360-939-9599 x2697','2020-04-10 14:16:31','2020-04-10 14:16:31'),
	('db11411e-71ae-4a5a-82ae-cbd8b2109c74','Ilene','Bayer','Herzog','Endocrinología','495-942-0580','2020-04-10 14:16:31','2020-04-10 14:16:31'),
	('e0470ea0-ea2b-4a0b-bd14-5c4f895c0485','Kristina','Stracke','Corkery','Endocrinología','+1.742.632.9484','2020-04-10 14:16:31','2020-04-10 14:16:31'),
	('e954dc81-9336-482f-b881-2f37b3505efd','Kiarra','Altenwerth','McClure','Geriatría','752-439-1747 x767','2020-04-10 14:16:31','2020-04-10 14:16:31'),
	('ec952281-cab8-42f4-860f-6f02a1db5b92','Yazmin','Cummerata','Rodriguez','Epidemiología','(380) 699-9604','2020-04-10 14:16:31','2020-04-10 14:16:31'),
	('ee966916-fa0e-4861-a69d-f093fafcb065','Hertha','Batz','Lowe','Nefrología','598-583-1814 x5016','2020-04-10 14:16:31','2020-04-10 14:16:31'),
	('efe4907b-f51f-4416-94c6-8f1fc32839e2','Enoch','Crona','Hand','Alergología','+1 (343) 835-0527','2020-04-10 14:16:31','2020-04-10 14:16:31'),
	('f2242c94-2e7b-4fa4-8306-87f584522323','Betty','Koss','West','Nefrología','656-946-4337','2020-04-10 14:16:31','2020-04-10 14:16:31'),
	('f569959b-de21-4963-b132-31c11c90814a','Johann','Brakus','Moore','Epidemiología','(475) 916-7165','2020-04-10 14:16:31','2020-04-10 14:16:31'),
	('f6584de4-3fab-41a0-86f1-6bf64e11eb6a','Kaleb','Abshire','Huel','Nefrología','480.435.7673 x5474','2020-04-10 14:16:31','2020-04-10 14:16:31'),
	('f7aabf52-f744-48be-a029-937d1ab2bed3','Una','Erdman','Simonis','Cardiología','+1-369-407-0782','2020-04-10 14:16:31','2020-04-10 14:16:31'),
	('fbb5d665-c2b4-45ef-81ff-888da89299ea','Frances','Schmitt','Kertzmann','Alergología','+13672466529','2020-04-10 14:16:31','2020-04-10 14:16:31');

/*!40000 ALTER TABLE `medicos` ENABLE KEYS */;
UNLOCK TABLES;


# Dump of table migrations
# ------------------------------------------------------------

DROP TABLE IF EXISTS `migrations`;

CREATE TABLE `migrations` (
  `id` int(10) unsigned NOT NULL AUTO_INCREMENT,
  `migration` varchar(191) COLLATE utf8mb4_unicode_ci NOT NULL,
  `batch` int(11) NOT NULL,
  PRIMARY KEY (`id`)
) ENGINE=InnoDB DEFAULT CHARSET=utf8mb4 COLLATE=utf8mb4_unicode_ci;

LOCK TABLES `migrations` WRITE;
/*!40000 ALTER TABLE `migrations` DISABLE KEYS */;

INSERT INTO `migrations` (`id`, `migration`, `batch`)
VALUES
	(1,'2014_10_12_000000_create_users_table',1),
	(2,'2014_10_12_100000_create_password_resets_table',1),
	(3,'2018_07_19_083115_create_settings_table',1),
	(4,'2018_08_31_084329_create_invoices_table',1),
	(5,'2018_08_31_084330_create_invoice_items_table',1),
	(6,'2018_09_19_082657_create_permission_tables',1),
	(7,'2018_12_11_214306_create_clients_table',1),
	(8,'2018_12_11_214322_create_payments_table',1),
	(9,'2018_12_11_214954_update_fid_client',1),
	(41,'2020_04_09_005534_create_medico_table',2),
	(42,'2020_04_09_010010_create_paciente_table',2),
	(43,'2020_04_09_010501_create_municipio_table',2),
	(44,'2020_04_09_010745_create_ficha_paciente_table',2);

/*!40000 ALTER TABLE `migrations` ENABLE KEYS */;
UNLOCK TABLES;


# Dump of table model_has_permissions
# ------------------------------------------------------------

DROP TABLE IF EXISTS `model_has_permissions`;

CREATE TABLE `model_has_permissions` (
  `permission_id` int(10) unsigned NOT NULL,
  `model_type` varchar(191) COLLATE utf8mb4_unicode_ci NOT NULL,
  `model_id` bigint(20) unsigned NOT NULL,
  PRIMARY KEY (`permission_id`,`model_id`,`model_type`),
  KEY `model_has_permissions_model_id_model_type_index` (`model_id`,`model_type`),
  CONSTRAINT `model_has_permissions_permission_id_foreign` FOREIGN KEY (`permission_id`) REFERENCES `permissions` (`id`) ON DELETE CASCADE
) ENGINE=InnoDB DEFAULT CHARSET=utf8mb4 COLLATE=utf8mb4_unicode_ci;



# Dump of table model_has_roles
# ------------------------------------------------------------

DROP TABLE IF EXISTS `model_has_roles`;

CREATE TABLE `model_has_roles` (
  `role_id` int(10) unsigned NOT NULL,
  `model_type` varchar(191) COLLATE utf8mb4_unicode_ci NOT NULL,
  `model_id` bigint(20) unsigned NOT NULL,
  PRIMARY KEY (`role_id`,`model_id`,`model_type`),
  KEY `model_has_roles_model_id_model_type_index` (`model_id`,`model_type`),
  CONSTRAINT `model_has_roles_role_id_foreign` FOREIGN KEY (`role_id`) REFERENCES `roles` (`id`) ON DELETE CASCADE
) ENGINE=InnoDB DEFAULT CHARSET=utf8mb4 COLLATE=utf8mb4_unicode_ci;

LOCK TABLES `model_has_roles` WRITE;
/*!40000 ALTER TABLE `model_has_roles` DISABLE KEYS */;

INSERT INTO `model_has_roles` (`role_id`, `model_type`, `model_id`)
VALUES
	(1,'App\\User',1),
	(2,'App\\User',2),
	(3,'App\\User',3),
	(4,'App\\User',4),
	(5,'App\\User',5),
	(5,'App\\User',6),
	(3,'App\\User',7),
	(3,'App\\User',8),
	(2,'App\\User',9),
	(3,'App\\User',10),
	(3,'App\\User',11),
	(2,'App\\User',12),
	(3,'App\\User',13);

/*!40000 ALTER TABLE `model_has_roles` ENABLE KEYS */;
UNLOCK TABLES;


# Dump of table municipios
# ------------------------------------------------------------

DROP TABLE IF EXISTS `municipios`;

CREATE TABLE `municipios` (
  `id` char(36) COLLATE utf8mb4_unicode_ci NOT NULL,
  `numero_departamento` int(11) NOT NULL,
  `departamento` varchar(255) COLLATE utf8mb4_unicode_ci NOT NULL,
  `provincia` varchar(255) COLLATE utf8mb4_unicode_ci NOT NULL,
  `numero_municipio` int(11) NOT NULL,
  `municipio` varchar(255) COLLATE utf8mb4_unicode_ci NOT NULL,
  `circunscripccion` varchar(255) COLLATE utf8mb4_unicode_ci DEFAULT NULL,
  `localidad` varchar(255) COLLATE utf8mb4_unicode_ci DEFAULT NULL,
  `created_at` timestamp NULL DEFAULT NULL,
  `updated_at` timestamp NULL DEFAULT NULL,
  PRIMARY KEY (`id`)
) ENGINE=InnoDB DEFAULT CHARSET=utf8mb4 COLLATE=utf8mb4_unicode_ci;

LOCK TABLES `municipios` WRITE;
/*!40000 ALTER TABLE `municipios` DISABLE KEYS */;

INSERT INTO `municipios` (`id`, `numero_departamento`, `departamento`, `provincia`, `numero_municipio`, `municipio`, `circunscripccion`, `localidad`, `created_at`, `updated_at`)
VALUES
	('1',1,'Beni','Beni',1,'Beni','Beni','Beni','2020-04-10 14:16:44','2020-04-10 14:16:44'),
	('2',2,'Cochabamba','Cochabamba',2,'Cochabamba','Cochabamba','Cochabamba','2020-04-10 14:16:44','2020-04-10 14:16:44'),
	('3',3,'Santa Cruz','Santa Cruz',3,'Santa Cruz','Santa Cruz','Santa Cruz','2020-04-10 14:16:44','2020-04-10 14:16:44'),
	('4',4,'Oruro','Oruro',4,'Oruro','Oruro','Oruro','2020-04-10 14:16:44','2020-04-10 14:16:44');

/*!40000 ALTER TABLE `municipios` ENABLE KEYS */;
UNLOCK TABLES;


# Dump of table pacientes
# ------------------------------------------------------------

DROP TABLE IF EXISTS `pacientes`;

CREATE TABLE `pacientes` (
  `id` char(36) COLLATE utf8mb4_unicode_ci NOT NULL,
  `nombre` varchar(191) COLLATE utf8mb4_unicode_ci NOT NULL,
  `paterno` varchar(191) COLLATE utf8mb4_unicode_ci NOT NULL,
  `materno` varchar(191) COLLATE utf8mb4_unicode_ci NOT NULL,
  `telefono` varchar(50) COLLATE utf8mb4_unicode_ci DEFAULT NULL,
  `celular` varchar(50) COLLATE utf8mb4_unicode_ci DEFAULT NULL,
  `direccion` varchar(255) COLLATE utf8mb4_unicode_ci NOT NULL,
  `zona` varchar(255) COLLATE utf8mb4_unicode_ci NOT NULL,
  `zona_lat_lng` point DEFAULT NULL,
  `edad` int(11) NOT NULL,
  `sexo` smallint(6) NOT NULL,
  `created_at` timestamp NULL DEFAULT NULL,
  `updated_at` timestamp NULL DEFAULT NULL,
  PRIMARY KEY (`id`)
) ENGINE=InnoDB DEFAULT CHARSET=utf8mb4 COLLATE=utf8mb4_unicode_ci;

LOCK TABLES `pacientes` WRITE;
/*!40000 ALTER TABLE `pacientes` DISABLE KEYS */;

INSERT INTO `pacientes` (`id`, `nombre`, `paterno`, `materno`, `telefono`, `celular`, `direccion`, `zona`, `zona_lat_lng`, `edad`, `sexo`, `created_at`, `updated_at`)
VALUES
	('045cb457-9813-4864-b90e-2151ac69d1db','Abbigail','Hilpert','Schulist','1-617-712-6174','+14504798360','3341 Yundt Forge Suite 460\nNew Sydnie, MT 28823-2930','Murazik Shores',NULL,60,1,'2020-04-10 14:16:37','2020-04-10 14:16:37'),
	('05b73eae-b373-4067-bcc4-ea992abe5c28','Sean','McDermott','Rath','442-894-9234 x830','728.230.3305','88487 Chelsea Manor Suite 978\nStantonburgh, PA 04819','Destin Drives',NULL,26,0,'2020-04-10 14:16:37','2020-04-10 14:16:37'),
	('08fa5b9e-d5b3-4871-82fe-7a5cead559c8','Jaleel','Bogan','Batz','534-330-9366','1-229-585-7647 x8427','2810 Steuber Inlet\nWillville, WV 97313-3194','Mary Lakes',NULL,80,0,'2020-04-10 14:16:37','2020-04-10 14:16:37'),
	('09cf7e51-4d2f-4a91-8d8c-ca127b3f149d','Odell','Ferry','Schultz','1-894-693-9189','452-622-3093 x115','12923 Hermiston Landing\nMurielside, NV 84874-6689','Lenny Creek',NULL,59,1,'2020-04-10 14:16:37','2020-04-10 14:16:37'),
	('0d7d84eb-64c7-469f-a507-dc1eacb3c05c','Jazlyn','Cole','Hackett','1-460-975-4571 x9292','315.437.0087 x609','5078 Jeramie Freeway\nWest Emily, AL 20573-1336','Demetris Cliffs',NULL,107,1,'2020-04-10 14:16:37','2020-04-10 14:16:37'),
	('0dba2e16-4e86-4244-acbf-91c840f0b0e9','Alexzander','Sawayn','Romaguera','+15794800447','572.866.1817 x6863','269 Hilma Point\nPort Craigtown, CO 77536-3686','Cremin Island',NULL,14,1,'2020-04-10 14:16:37','2020-04-10 14:16:37'),
	('0fe308f6-3c64-49f0-b22c-f962ddbe6e52','Jamel','Tremblay','Vandervort','+1.885.935.9172','+1.886.456.0652','9750 Braun Causeway\nDaniellehaven, VA 73857','Runolfsson Motorway',NULL,19,0,'2020-04-10 14:16:37','2020-04-10 14:16:37'),
	('14584aef-6725-4100-a746-776995b632cf','Jacinthe','Auer','Schmidt','+1 (909) 584-1262','+1.579.813.7255','951 Brandi Roads\nZiemetown, MD 75839-3376','Chelsey Junctions',NULL,108,1,'2020-04-10 14:16:37','2020-04-10 14:16:37'),
	('19115560-ff81-4ee9-8d93-a4b552f7120d','Rhoda','Kihn','Williamson','(651) 335-5192','+13456761709','346 Margarete Parkways\nSchimmelside, KY 79736','Javier Crest',NULL,82,1,'2020-04-10 14:16:37','2020-04-10 14:16:37'),
	('1a5e9746-9972-4735-a26a-626d6178600a','Sasha','Gaylord','Douglas','870.540.0670','353-694-1674 x3650','24882 Ryleigh Mountains Apt. 152\nStehrmouth, CO 49896','Waters Drive',NULL,92,0,'2020-04-10 14:16:37','2020-04-10 14:16:37'),
	('1af9871d-acea-4739-84e7-5756c23a426e','Bernice','Mitchell','Prosacco','+13264790621','904-276-5216','3400 Madelynn Plaza\nTrevorburgh, NJ 75558-0368','Connelly Canyon',NULL,98,0,'2020-04-10 14:16:37','2020-04-10 14:16:37'),
	('1e2b31b6-8661-4c62-b4a6-351c191880a8','Herminia','Moore','Cremin','558.527.4895 x092','686.809.3654 x26288','41601 Frami Row Suite 239\nLake Darienburgh, IA 25281-5535','Ondricka Ports',NULL,11,1,'2020-04-10 14:16:37','2020-04-10 14:16:37'),
	('1f261d41-c0e0-4695-8572-4366be4c2c29','Claudia','Orn','Bernier','(410) 642-6789','(850) 848-6548','6150 Kling Grove\nWest Dorotheatown, CT 14613','Hegmann Drive',NULL,55,1,'2020-04-10 14:16:37','2020-04-10 14:16:37'),
	('203836fb-9484-47ce-aa64-4d22a93fcca4','Fritz','Yost','Johns','(662) 793-2475 x030','+1 (778) 835-9862','3860 Sanford Rest\nBernierport, SD 71637-0091','Samson Oval',NULL,5,0,'2020-04-10 14:16:37','2020-04-10 14:16:37'),
	('21067918-1918-452f-8d00-ad990dda2202','Elenor','Schoen','Zboncak','+19807690925','(892) 916-4327 x7134','98150 Nayeli Islands\nNew Melynachester, NV 36089-6639','Stephen Fort',NULL,107,0,'2020-04-10 14:16:37','2020-04-10 14:16:37'),
	('21af66de-8885-45d3-97e0-fcbb70e456b0','Emilia','Kohler','Wunsch','379.826.0239 x3883','1-881-602-1483 x041','32661 Wiegand Pines\nSabrinafurt, KS 04239-1383','Conrad Manor',NULL,25,0,'2020-04-10 14:16:37','2020-04-10 14:16:37'),
	('266263a1-3e43-4fd3-85f8-838d7ee6df1c','Christa','King','Reynolds','+1-825-984-3862','829-240-2346','37315 Hansen Canyon\nVonmouth, TN 98843','Koss Square',NULL,10,1,'2020-04-10 14:16:37','2020-04-10 14:16:37'),
	('2772613e-78b5-44e4-bff2-4857cbf43420','Sonya','Langosh','Boyle','+1 (541) 877-8373','(810) 564-2354','9565 Schroeder Centers\nWest Eric, VT 99271-3796','Jon Estate',NULL,105,1,'2020-04-10 14:16:37','2020-04-10 14:16:37'),
	('2b276fae-255e-42cd-8a59-76955b7c2f90','Christop','Goldner','Koss','(912) 639-6353 x33246','1-930-927-5720 x72427','8011 Lakin Rest Suite 030\nMichaelfurt, LA 47790-0470','Morissette Gardens',NULL,20,1,'2020-04-10 14:16:37','2020-04-10 14:16:37'),
	('2c776890-1400-4efb-a8a8-f97e14beb8d2','Ryleigh','Bernhard','Koch','(471) 967-5424 x2524','1-501-794-7844 x1712','547 Mayert Crescent Apt. 021\nSouth Meagan, MT 49042','Presley Street',NULL,31,0,'2020-04-10 14:16:37','2020-04-10 14:16:37'),
	('2dff52f2-f301-41cf-a951-17f6535b8464','Lucius','Heller','Morar','+1.287.520.4740','+1-516-420-1880','213 Lemke Run Suite 901\nJaydebury, AK 40686-0401','Yasmeen Centers',NULL,44,1,'2020-04-10 14:16:37','2020-04-10 14:16:37'),
	('2eafcc9a-2b32-42ff-aaf6-d1188c267a21','Garett','Abshire','Krajcik','1-245-772-4128 x578','(526) 564-5560 x0513','6984 Billy Crescent Apt. 429\nLake Samson, NC 18063-9737','Magnolia Plaza',NULL,69,1,'2020-04-10 14:16:37','2020-04-10 14:16:37'),
	('2f328a60-cf25-4e4a-a1ab-9c18d5bb5ac7','Cielo','Hegmann','Wilkinson','476.625.4762','+1.679.830.4176','648 Holden Turnpike\nNew Matilde, MD 24434-3356','Kayli Springs',NULL,33,0,'2020-04-10 14:16:37','2020-04-10 14:16:37'),
	('2f73b742-7f79-4168-9b92-08717bba851d','Freda','Schulist','Rogahn','(461) 292-5765','(364) 627-2688 x25935','13062 Hyatt Square\nSouth Sofiafort, NM 66833','Sigmund Parkways',NULL,7,1,'2020-04-10 14:16:37','2020-04-10 14:16:37'),
	('30816e69-964e-4997-bec4-95148353d421','Hector','Bosco','O\'Kon','(702) 351-7348','839-467-7885 x0842','22153 Beryl View\nHilarioview, CO 14858','Amira Oval',NULL,39,0,'2020-04-10 14:16:37','2020-04-10 14:16:37'),
	('34d3a4cb-96d7-41f9-b956-53d12f0df9a7','Otha','Gerhold','Mayer','+14844132169','403.841.4997','203 Kautzer Roads Apt. 757\nAliyachester, LA 98187-2171','Franecki Green',NULL,55,1,'2020-04-10 14:16:37','2020-04-10 14:16:37'),
	('3632052c-01c7-4dfb-bf8e-ef1a44cab318','Lenna','Smith','Kozey','(964) 961-1710','1-249-598-7250','324 Lula Estate\nSchillershire, WI 36553-0932','Nona Crescent',NULL,44,1,'2020-04-10 14:16:37','2020-04-10 14:16:37'),
	('364714ee-41cb-46af-8d09-b31026001d5b','Elza','Feest','VonRueden','451.905.3599 x7961','613.661.0223 x979','837 Krajcik Ville Suite 831\nSouth Eldaside, GA 07722-8946','Monahan Plaza',NULL,88,0,'2020-04-10 14:16:37','2020-04-10 14:16:37'),
	('36f1f670-dbd6-454c-9d01-7873b0ec002e','Kris','Kris','Stark','(593) 309-9584 x2938','+19589008549','3621 Greenholt Rapids\nNorth Veronicaport, TX 76423','Abbott Villages',NULL,109,1,'2020-04-10 14:16:37','2020-04-10 14:16:37'),
	('3d4d0a04-144f-4ae3-a72b-c318d72f732d','Lois','Murazik','Veum','432.814.6599','+1 (520) 617-9074','6766 Cummings Place Apt. 608\nGerlachmouth, SC 74330-0110','Deckow Island',NULL,45,1,'2020-04-10 14:16:37','2020-04-10 14:16:37'),
	('3dee75bb-24f0-42fa-a0b9-6bb4f57ace11','Hank','Hettinger','Stark','+1-884-801-5592','+1 (685) 829-8832','8946 Royal Unions\nStammfort, OR 24800-4857','Dayna Knoll',NULL,76,1,'2020-04-10 14:16:37','2020-04-10 14:16:37'),
	('3faf2f47-d690-4ca0-a213-6d61ccf2dba9','Afton','Runte','Bahringer','+1 (262) 787-9736','1-393-254-7825 x30188','89860 Olson Shore\nValliestad, KS 57819','Wehner Lakes',NULL,106,1,'2020-04-10 14:16:37','2020-04-10 14:16:37'),
	('49a10fd9-b4bf-439b-ac25-47522eab8050','Dorothy','Armstrong','Wisozk','+1-574-640-1996','(432) 575-9868 x9261','4715 Isai Mill Apt. 862\nEleanoratown, GA 12203-9879','Saul Keys',NULL,38,0,'2020-04-10 14:16:37','2020-04-10 14:16:37'),
	('4aea76db-61ee-4271-94c0-6835f303fa41','Howell','Schulist','Fisher','1-581-856-2156','383.797.7495 x774','595 Reinger Wall Apt. 177\nDareton, MN 80904','Crist Mountain',NULL,0,1,'2020-04-10 14:16:37','2020-04-10 14:16:37'),
	('4e8fc357-8cdf-4864-8c5c-2c7fcdf57784','Freeman','Beatty','Abbott','1-573-745-2117 x780','+1-713-371-4674','4766 Bahringer Stravenue Suite 250\nLemkefort, NY 65096','Mosciski Radial',NULL,72,1,'2020-04-10 14:16:37','2020-04-10 14:16:37'),
	('4f425bea-3399-4a68-8db1-8b13ef896b3d','Mossie','Hegmann','O\'Hara','1-263-437-1248 x10831','1-643-217-6334 x75197','429 Graham Trace\nEast Blakebury, HI 55320','Bell Islands',NULL,41,0,'2020-04-10 14:16:37','2020-04-10 14:16:37'),
	('525f77aa-5fe8-4912-8d76-2140bcb362d1','Sonia','Morar','Stanton','759-274-0906','772.261.2171 x47594','123 Pinkie Curve Suite 518\nWilbershire, PA 28759-7373','Kunde Street',NULL,81,0,'2020-04-10 14:16:37','2020-04-10 14:16:37'),
	('528ec3f5-429e-4fd0-9ce8-bc52483490ac','Martine','Dickinson','Rath','407.412.0222','628.378.1086','587 Marley Points\nLake Modestaburgh, MD 26427','Deshawn Field',NULL,5,1,'2020-04-10 14:16:37','2020-04-10 14:16:37'),
	('58d3f0fa-3679-4225-bce5-32cb9e72aa67','Valerie','Klocko','Kiehn','939.979.3177 x7527','858.789.9558 x040','7965 Zboncak Drive Suite 643\nLenniehaven, TX 76486-6463','Osinski Manor',NULL,27,0,'2020-04-10 14:16:37','2020-04-10 14:16:37'),
	('5e8e7628-2a16-4a92-8122-da815e8343d0','Gregg','Sanford','Larkin','(679) 985-7837','(679) 276-7302 x22739','414 Maggio Mission Apt. 508\nBransonville, NJ 62274','Melvin Crest',NULL,0,0,'2020-04-10 14:16:37','2020-04-10 14:16:37'),
	('5ecfd23b-b462-4182-a739-10f24562b126','May','Kertzmann','Swaniawski','(729) 914-0950','+19323493723','43804 Hagenes Shores\nDavishaven, NJ 75773','Powlowski Villages',NULL,75,1,'2020-04-10 14:16:37','2020-04-10 14:16:37'),
	('606877c1-7d26-43bd-900c-0f6d22d00ff0','Dimitri','Gerlach','Casper','1-593-267-3646 x04502','219-796-9909 x934','185 Dayton Shores Apt. 847\nSouth Karolann, WI 33235','Hettie Crest',NULL,8,0,'2020-04-10 14:16:37','2020-04-10 14:16:37'),
	('64934779-d04a-4ce4-b79c-b40413a88a55','Dora','Funk','Boyer','(827) 990-6560','627-951-2540 x4958','32761 Koepp Valley\nNonaberg, MN 93443-2849','Dickens Summit',NULL,76,1,'2020-04-10 14:16:37','2020-04-10 14:16:37'),
	('64a8404d-6c5b-4ce5-8962-687cd3a2b702','Jonas','Dicki','Purdy','483.446.4137','472.585.8169 x2886','31471 Turcotte Plaza Apt. 284\nLeslymouth, WA 65949','Wiza Cliff',NULL,57,0,'2020-04-10 14:16:37','2020-04-10 14:16:37'),
	('65f467b6-c20b-429a-8953-90dd502375e4','Cornell','Kuhlman','Auer','319-884-7251 x70544','1-234-326-1768 x75668','2288 Amya Stravenue\nAshlynnmouth, AK 95833','Farrell Viaduct',NULL,79,1,'2020-04-10 14:16:37','2020-04-10 14:16:37'),
	('68f5973b-8c45-4ff9-8941-f95012423bc7','Connor','Nitzsche','Anderson','(280) 225-4892 x2399','+1 (256) 296-5515','48542 Danial Glen Apt. 890\nBarontown, IN 08808','Mueller Squares',NULL,69,0,'2020-04-10 14:16:37','2020-04-10 14:16:37'),
	('6ef87740-efab-4238-a94c-0305165ce3e8','Mertie','Kuhic','Hintz','1-660-617-7095 x8792','676-322-3561 x1362','5396 Roberts Points Suite 867\nEast Carolanne, NV 56497-9707','Efrain Road',NULL,58,0,'2020-04-10 14:16:37','2020-04-10 14:16:37'),
	('705cb780-8715-4182-95e0-583c191e6a73','Johnson','Schaefer','Hamill','1-774-766-8242','1-606-477-0690 x6285','5935 Okuneva Gateway\nJohnnyborough, DE 94931-1010','Armand Glens',NULL,51,0,'2020-04-10 14:16:37','2020-04-10 14:16:37'),
	('716770b3-08d2-4947-af8f-fee72a358c8a','Levi','Kreiger','Rosenbaum','+1-365-709-4277','794.447.1577','874 Lyric Throughway\nIdellaborough, RI 73397-4825','Bernita Squares',NULL,46,0,'2020-04-10 14:16:37','2020-04-10 14:16:37'),
	('763c8dfe-c848-4cbf-8e9d-ad42ccf7c761','Ciara','Langosh','Grimes','+1.283.890.0565','1-702-684-1170','962 Maida Key Suite 039\nKuhlmanmouth, AZ 23419-2958','Wintheiser Passage',NULL,90,0,'2020-04-10 14:16:37','2020-04-10 14:16:37'),
	('7b9d8719-950f-4b8c-8dbe-fa2126fa5a47','Maymie','Stamm','Morissette','297-895-2913','696.780.7414 x72305','7286 Vivian Union\nNorth Millieview, VT 59691-3729','Vivienne Shore',NULL,84,0,'2020-04-10 14:16:37','2020-04-10 14:16:37'),
	('8146cad9-6f69-4031-aef5-8d7ca331a84c','Mackenzie','Mitchell','Morissette','(369) 234-5936','1-858-673-3774 x4423','623 Kuhn Estates\nEast Gus, MI 86120-8608','Champlin Dale',NULL,30,1,'2020-04-10 14:16:37','2020-04-10 14:16:37'),
	('8ab00b78-96bb-44d3-81e2-3f579bec5e76','Rupert','Crist','Will','832-381-8146 x875','(286) 855-3446 x04199','5543 Vandervort Corners\nNew Taureanstad, ME 87988','O\'Conner Corners',NULL,19,0,'2020-04-10 14:16:37','2020-04-10 14:16:37'),
	('8ce92c66-5382-4bef-ab26-0d0e9118dd27','Devonte','Moen','Satterfield','893.720.2098 x314','1-721-801-7673 x46645','83040 Russel Cliffs Suite 705\nSouth Lylaville, VA 42920-2626','Tromp Corner',NULL,57,0,'2020-04-10 14:16:37','2020-04-10 14:16:37'),
	('92673088-bc50-4f09-9f50-ed7876776fb3','Santiago','Pfannerstill','Waelchi','+13795866159','603-590-2701 x3862','3250 Cummerata Orchard Apt. 663\nSouth Edythe, AL 27604','Hermann Street',NULL,109,1,'2020-04-10 14:16:37','2020-04-10 14:16:37'),
	('92c7c8c5-76dc-4b73-b0c8-74437a2c2793','Rasheed','Beahan','Goodwin','912-417-0158','601-541-0581 x5737','197 Sheldon Flat\nO\'Connellland, ND 43119-4471','Vella Garden',NULL,104,0,'2020-04-10 14:16:37','2020-04-10 14:16:37'),
	('966f6133-1462-4b61-a2dc-2df3c7577fbf','Cecelia','Schulist','Parisian','708-446-3361','1-631-835-1091','81585 Kozey Run Apt. 750\nPort Gilbert, HI 07573','Enola Circles',NULL,7,0,'2020-04-10 14:16:37','2020-04-10 14:16:37'),
	('981f56ae-c56c-4f75-a070-584f9018e360','Louisa','Langworth','Kassulke','(942) 272-7786','383.940.8129 x473','53956 Cummings Oval\nBoganborough, GA 42459','Forest Gateway',NULL,36,0,'2020-04-10 14:16:37','2020-04-10 14:16:37'),
	('98f83e5c-420c-4b48-afe6-3f2266909e57','Tony','Rogahn','Bradtke','597.618.2274','313-513-7939','4117 Candice Skyway Apt. 844\nTrompborough, NJ 95237','Christina Track',NULL,35,1,'2020-04-10 14:16:37','2020-04-10 14:16:37'),
	('9c5d6bab-2dda-492b-b770-721c055fd078','Alysson','Steuber','Effertz','+1-515-767-1973','+15328999431','499 Cecil Gardens Suite 178\nNew Dayana, MT 09623','Era Locks',NULL,98,1,'2020-04-10 14:16:37','2020-04-10 14:16:37'),
	('9ebc40f1-4fd2-40d1-8a17-c4fee703c932','Vito','Weissnat','Graham','(493) 383-2102','202-627-7408','3028 Elmira Pike\nNew Velda, AR 07486','Ernie Canyon',NULL,15,0,'2020-04-10 14:16:37','2020-04-10 14:16:37'),
	('9ee0e5e5-2d8d-4ebb-83c0-7b70b4c6dd1c','Beryl','Donnelly','Kuhn','+1-567-402-5346','396.638.0636 x2777','62090 Harvey Road Suite 039\nLake Genesis, SC 70105','Rowland Terrace',NULL,77,0,'2020-04-10 14:16:37','2020-04-10 14:16:37'),
	('9ffcae80-b00a-42d9-8f3d-851fd93c52da','Terrell','Jacobi','Crist','591.913.3392','771-916-2256 x42311','532 Arlo Springs Suite 380\nCrooksberg, ND 69304','Kutch Ramp',NULL,44,0,'2020-04-10 14:16:37','2020-04-10 14:16:37'),
	('a20157c2-0acd-415f-98e3-7bda58c270df','Geo','Stracke','Monahan','1-897-364-1504','1-232-397-4371','5535 Heaney Place\nNorth Warrenton, WV 85391','Lang Dam',NULL,78,1,'2020-04-10 14:16:37','2020-04-10 14:16:37'),
	('a594bb47-9513-4099-9fa7-4085333e9c8f','Emerald','Tillman','Parker','(247) 293-5878','849.281.3305','269 Abbie Flat\nDeltaside, TN 69449-6947','Jenkins Track',NULL,107,0,'2020-04-10 14:16:37','2020-04-10 14:16:37'),
	('a63ef007-81f1-4814-bf09-9649150b17b8','Edyth','Hudson','Bogisich','527-248-5172 x567','536.601.7099','101 Nicholas Lakes\nNew Jewelside, MD 61608-8599','Zemlak Radial',NULL,9,0,'2020-04-10 14:16:37','2020-04-10 14:16:37'),
	('b536e72d-80f6-4444-9511-a32d1508634f','Maxie','Block','Leuschke','595-399-7664 x56273','261-771-5369','70408 Turcotte Spurs Apt. 238\nHaleyland, RI 31344-8733','Carlotta Mission',NULL,102,1,'2020-04-10 14:16:37','2020-04-10 14:16:37'),
	('b8761487-dfde-4bec-b8dc-37dc8d17e9cd','Moses','Hauck','Paucek','514.524.7506 x1519','1-759-607-6589 x8624','5191 Schaden Stravenue Apt. 842\nLake Mario, CO 48020-7565','Novella Manors',NULL,72,1,'2020-04-10 14:16:37','2020-04-10 14:16:37'),
	('ba5c2833-13bc-47e8-bfe9-73b5d198a2a7','Angela','Murphy','Cummerata','+1-926-674-1836','564.658.6205 x006','7323 Nettie Summit\nNew Wilfordstad, SC 80544','Destiny Skyway',NULL,13,0,'2020-04-10 14:16:37','2020-04-10 14:16:37'),
	('bc341b9a-933d-4339-b064-59e1409e0488','Jammie','Wiegand','Hirthe','(951) 250-1635','657.523.6646 x53650','35278 Wehner Stream Apt. 397\nLake Skyla, SD 91834','Heathcote Divide',NULL,53,1,'2020-04-10 14:16:37','2020-04-10 14:16:37'),
	('bd044898-be68-4517-a7d2-47c4ec9615e0','Axel','Kautzer','Rowe','+17342231817','+1-564-643-7792','3954 Andy Junctions\nBellside, ME 46033','Aric Land',NULL,67,0,'2020-04-10 14:16:37','2020-04-10 14:16:37'),
	('c00ea2cb-44df-4c43-a80c-0b63a0cc1eaa','Jazmin','Gerhold','Jacobs','790.416.7614','478-313-7205 x130','6894 Ebert Haven\nSouth Tristinville, RI 61439','Shyann Junctions',NULL,52,1,'2020-04-10 14:16:37','2020-04-10 14:16:37'),
	('c2d682b3-7505-45aa-b187-bf16ba4fe2c7','Marcia','Carroll','Little','(824) 277-8764 x1336','286-837-0825','30338 Osborne Park\nSouth Luisa, NC 42419','Abdullah Turnpike',NULL,44,0,'2020-04-10 14:16:37','2020-04-10 14:16:37'),
	('c3308cf3-2cd5-45e0-8954-e9b2cf0b9283','Liana','Romaguera','Abbott','661-628-1542 x364','706.869.0973 x5972','172 Kunde Views Apt. 037\nGorczanyfort, IL 57383','Reichel Turnpike',NULL,46,1,'2020-04-10 14:16:37','2020-04-10 14:16:37'),
	('c558a1e3-b920-42b6-9eaf-9346a27d66e5','Sean','Casper','Bruen','+1-553-257-5449','909-716-5760 x4387','814 Fisher Wall Apt. 561\nFerminside, IL 27666','Labadie Vista',NULL,60,0,'2020-04-10 14:16:37','2020-04-10 14:16:37'),
	('c789a154-52ba-4455-afbf-55f314de8880','Federico','Simonis','Cartwright','349-728-5276','(978) 808-7607','7519 McClure Valleys\nShawnborough, OK 21295','Howell Avenue',NULL,1,1,'2020-04-10 14:16:37','2020-04-10 14:16:37'),
	('c812057b-0d34-48f4-8db5-44dcae1e7d39','Green','Johns','Price','1-473-987-6962 x859','1-937-514-0931 x5424','4048 Josie Stream Suite 992\nWhitetown, OK 76839','Amira Island',NULL,9,0,'2020-04-10 14:16:37','2020-04-10 14:16:37'),
	('cc0a2fd5-62f4-4c82-b1ef-58e43c2fc806','Duncan','Jones','Rippin','328.913.2211','(561) 914-8551','90087 Delilah Terrace\nNew Efrenside, MD 29989','Ryan Inlet',NULL,78,0,'2020-04-10 14:16:37','2020-04-10 14:16:37'),
	('cd15706a-007d-46e6-9b1b-fcfef2322bdd','Benedict','Toy','Hoppe','403.868.7116 x534','(551) 814-9416 x50333','396 Kunde Squares Apt. 633\nWest Anaton, TN 61056','Mante Centers',NULL,86,0,'2020-04-10 14:16:37','2020-04-10 14:16:37'),
	('cdb7ae39-4e41-4697-8800-65d7fca0390a','Reinhold','Baumbach','Armstrong','1-276-648-2201 x84019','1-498-417-4122 x75160','46788 Isabella Walks\nNew Victoriaton, WY 40556-0096','Denesik Orchard',NULL,87,1,'2020-04-10 14:16:37','2020-04-10 14:16:37'),
	('d15924ee-86e9-41e6-94e2-70d25cb9e43d','Retta','Willms','West','+1.372.599.5036','1-569-466-2620 x1548','700 Kulas Falls\nWest Johnsonfurt, NV 81109','Hubert Points',NULL,3,0,'2020-04-10 14:16:37','2020-04-10 14:16:37'),
	('d2facafe-571c-409a-8da3-ee3192d5cc0b','Eunice','Torp','Collier','631-635-1629','281-706-0171 x847','7296 Domenick Harbors\nEast Tianastad, KS 73163-2474','Wunsch Circles',NULL,103,0,'2020-04-10 14:16:37','2020-04-10 14:16:37'),
	('d352cff0-ae62-4254-8d08-12b9d55e4e24','Emmie','Runolfsdottir','Langworth','+1.247.678.8981','491.690.1340 x321','155 Kuhic Alley\nLake Agustin, AR 33851-8588','Stanton Extension',NULL,64,0,'2020-04-10 14:16:37','2020-04-10 14:16:37'),
	('d3acb550-7cc4-40e0-852b-cf5343b9b2fe','Yasmeen','Kovacek','Schmeler','+12046325863','+1.675.644.5650','947 Jones Heights Apt. 165\nSouth Abelardo, KY 67429','Yolanda Islands',NULL,34,0,'2020-04-10 14:16:37','2020-04-10 14:16:37'),
	('d7beedba-1442-4f10-8841-0a4f6dd34185','Emery','Heidenreich','Hermiston','+1-791-809-7570','+1 (914) 884-0747','8993 Kraig Flats\nBurleyville, KY 41361','Johnston Flats',NULL,72,0,'2020-04-10 14:16:37','2020-04-10 14:16:37'),
	('d88c93ab-581f-4877-997e-bc6e06d5f590','Idella','Mayert','Kuphal','(894) 375-3607','+1-739-655-7539','52109 Dion Oval Apt. 647\nNew Bradenland, OR 11655-6545','Jakayla Ridge',NULL,88,1,'2020-04-10 14:16:37','2020-04-10 14:16:37'),
	('db23f83c-48ff-4819-b8b8-6f2fc35e8cd6','Jessyca','Rosenbaum','Kunze','+1-940-482-2502','1-925-621-8615 x679','31103 Orpha Freeway Suite 148\nIgnatiusborough, KY 20628','D\'Amore Key',NULL,106,0,'2020-04-10 14:16:37','2020-04-10 14:16:37'),
	('ddee929d-b842-4d3c-a389-85718c7a592e','Larue','Frami','Hegmann','685-939-6280 x306','+1-728-791-2161','2263 Maximillia Mall\nSouth Juanitafort, CA 32295','Farrell Rapid',NULL,64,1,'2020-04-10 14:16:37','2020-04-10 14:16:37'),
	('e343ab27-5df4-4eeb-9ecf-fa5bdb78bff2','Kadin','Cronin','Gislason','317-699-3685 x7919','(843) 541-9986 x39953','7115 Parisian Mountain\nWest Moshe, LA 98024-3640','Paucek Plaza',NULL,46,0,'2020-04-10 14:16:37','2020-04-10 14:16:37'),
	('e66c7533-99af-4f8b-8075-1b6fc688be87','Diana','Thiel','Prosacco','981-930-6884 x4738','(393) 240-7155 x509','36178 Lea Forest Apt. 511\nKodyshire, AR 25303','Theodora Wall',NULL,7,0,'2020-04-10 14:16:37','2020-04-10 14:16:37'),
	('e7374675-ebb4-4a25-958b-85ef5570bb3c','Maude','White','Collier','738.562.4199 x1358','256.664.8989 x29169','5572 Rosella Springs Suite 507\nGreysonside, ME 97072','Cameron Fords',NULL,87,0,'2020-04-10 14:16:37','2020-04-10 14:16:37'),
	('ed7d6d20-295f-4e0a-989a-0ac5125120ca','Conrad','Wilderman','Hegmann','436.292.1205','(880) 240-4903 x191','149 Davis Canyon\nWest Jabariberg, SD 38054-2946','Schmitt Track',NULL,78,1,'2020-04-10 14:16:37','2020-04-10 14:16:37'),
	('ee93bc37-a358-436b-8507-2d9f9de5ed58','Coy','Mohr','Parker','615.307.2622','402-773-0988 x540','30416 Boyer Estates Apt. 678\nDuBuqueside, SC 25889','Ratke Knoll',NULL,54,0,'2020-04-10 14:16:37','2020-04-10 14:16:37'),
	('f1168f5c-ff79-4c25-af36-aa914e059efb','Louvenia','Padberg','Herman','702.869.9555','1-926-402-3198','34126 Shayna Mountain Apt. 662\nManteside, OK 75797','O\'Connell Common',NULL,56,0,'2020-04-10 14:16:37','2020-04-10 14:16:37'),
	('f32a1bfa-0809-4ddf-9116-9bef928fa4dd','Micaela','Moore','Satterfield','(998) 293-8185 x0437','1-392-887-9439 x96551','334 Boyle Run\nBrakushaven, RI 58313','Savanah Center',NULL,87,0,'2020-04-10 14:16:37','2020-04-10 14:16:37'),
	('f5124ca1-4f71-494e-8b87-efce4e6402c0','Maya','Cremin','Kovacek','1-585-328-2694','820-365-5062','523 Doyle Springs Apt. 661\nSouth Claudiaview, NE 57684','Grant Ramp',NULL,2,1,'2020-04-10 14:16:37','2020-04-10 14:16:37'),
	('f6895c03-93bb-4d8b-837b-76afa97ef53b','Jermaine','Treutel','Botsford','+1-737-857-4616','(329) 763-2722 x8359','521 Romaguera Plaza Suite 084\nSanfordland, OR 00076-9834','Heathcote Stream',NULL,96,1,'2020-04-10 14:16:37','2020-04-10 14:16:37'),
	('fb83caaf-c04a-4ee2-b608-8500ce2a6d71','Mallie','Romaguera','Sipes','1-484-527-7235 x7232','(797) 496-2097','1807 Kunze Tunnel Apt. 532\nEast Hazlechester, DE 21016','Gerhard Pike',NULL,47,1,'2020-04-10 14:16:37','2020-04-10 14:16:37'),
	('fd37ad99-a66b-417e-98b7-0e42c96fd077','Theron','Gleichner','Mann','232.284.1920','1-695-284-9677','32337 Hand Tunnel Apt. 492\nJohnstonmouth, TN 12489-9933','Hoppe Route',NULL,107,0,'2020-04-10 14:16:37','2020-04-10 14:16:37'),
	('ff887e4d-b8fe-4e10-b1d8-de048004afe3','Okey','Kuhn','Witting','968-449-1303 x34689','585.214.3889','32549 Dibbert Estates Suite 416\nProhaskafort, KS 04697','Rohan Knoll',NULL,51,1,'2020-04-10 14:16:37','2020-04-10 14:16:37');

/*!40000 ALTER TABLE `pacientes` ENABLE KEYS */;
UNLOCK TABLES;


# Dump of table password_resets
# ------------------------------------------------------------

DROP TABLE IF EXISTS `password_resets`;

CREATE TABLE `password_resets` (
  `email` varchar(191) COLLATE utf8mb4_unicode_ci NOT NULL,
  `token` varchar(191) COLLATE utf8mb4_unicode_ci NOT NULL,
  `created_at` timestamp NULL DEFAULT NULL,
  KEY `password_resets_email_index` (`email`)
) ENGINE=InnoDB DEFAULT CHARSET=utf8mb4 COLLATE=utf8mb4_unicode_ci;



# Dump of table permissions
# ------------------------------------------------------------

DROP TABLE IF EXISTS `permissions`;

CREATE TABLE `permissions` (
  `id` int(10) unsigned NOT NULL AUTO_INCREMENT,
  `name` varchar(191) COLLATE utf8mb4_unicode_ci NOT NULL,
  `guard_name` varchar(191) COLLATE utf8mb4_unicode_ci NOT NULL,
  `created_at` timestamp NULL DEFAULT NULL,
  `updated_at` timestamp NULL DEFAULT NULL,
  PRIMARY KEY (`id`)
) ENGINE=InnoDB DEFAULT CHARSET=utf8mb4 COLLATE=utf8mb4_unicode_ci;

LOCK TABLES `permissions` WRITE;
/*!40000 ALTER TABLE `permissions` DISABLE KEYS */;

INSERT INTO `permissions` (`id`, `name`, `guard_name`, `created_at`, `updated_at`)
VALUES
	(1,'super_manage','web','2020-03-01 00:48:17','2020-03-01 00:48:17'),
	(2,'reseller_manage','web','2020-03-01 00:48:17','2020-03-01 00:48:17'),
	(3,'admin_manage','web','2020-03-01 00:48:17','2020-03-01 00:48:17'),
	(4,'contador_manage','web','2020-03-01 00:48:17','2020-03-01 00:48:17'),
	(5,'asistente_manage','web','2020-03-01 00:48:18','2020-03-01 00:48:18');

/*!40000 ALTER TABLE `permissions` ENABLE KEYS */;
UNLOCK TABLES;


# Dump of table role_has_permissions
# ------------------------------------------------------------

DROP TABLE IF EXISTS `role_has_permissions`;

CREATE TABLE `role_has_permissions` (
  `permission_id` int(10) unsigned NOT NULL,
  `role_id` int(10) unsigned NOT NULL,
  PRIMARY KEY (`permission_id`,`role_id`),
  KEY `role_has_permissions_role_id_foreign` (`role_id`),
  CONSTRAINT `role_has_permissions_permission_id_foreign` FOREIGN KEY (`permission_id`) REFERENCES `permissions` (`id`) ON DELETE CASCADE,
  CONSTRAINT `role_has_permissions_role_id_foreign` FOREIGN KEY (`role_id`) REFERENCES `roles` (`id`) ON DELETE CASCADE
) ENGINE=InnoDB DEFAULT CHARSET=utf8mb4 COLLATE=utf8mb4_unicode_ci;

LOCK TABLES `role_has_permissions` WRITE;
/*!40000 ALTER TABLE `role_has_permissions` DISABLE KEYS */;

INSERT INTO `role_has_permissions` (`permission_id`, `role_id`)
VALUES
	(1,1),
	(2,2),
	(3,3),
	(4,4),
	(5,5);

/*!40000 ALTER TABLE `role_has_permissions` ENABLE KEYS */;
UNLOCK TABLES;


# Dump of table roles
# ------------------------------------------------------------

DROP TABLE IF EXISTS `roles`;

CREATE TABLE `roles` (
  `id` int(10) unsigned NOT NULL AUTO_INCREMENT,
  `name` varchar(191) COLLATE utf8mb4_unicode_ci NOT NULL,
  `guard_name` varchar(191) COLLATE utf8mb4_unicode_ci NOT NULL,
  `created_at` timestamp NULL DEFAULT NULL,
  `updated_at` timestamp NULL DEFAULT NULL,
  PRIMARY KEY (`id`)
) ENGINE=InnoDB DEFAULT CHARSET=utf8mb4 COLLATE=utf8mb4_unicode_ci;

LOCK TABLES `roles` WRITE;
/*!40000 ALTER TABLE `roles` DISABLE KEYS */;

INSERT INTO `roles` (`id`, `name`, `guard_name`, `created_at`, `updated_at`)
VALUES
	(1,'super','web','2020-03-01 00:48:18','2020-03-01 00:48:18'),
	(2,'reseller','web','2020-03-01 00:48:18','2020-03-01 00:48:18'),
	(3,'admin','web','2020-03-01 00:48:18','2020-03-01 00:48:18'),
	(4,'contador','web','2020-03-01 00:48:18','2020-03-01 00:48:18'),
	(5,'asistente','web','2020-03-01 00:48:18','2020-03-01 00:48:18');

/*!40000 ALTER TABLE `roles` ENABLE KEYS */;
UNLOCK TABLES;


# Dump of table users
# ------------------------------------------------------------

DROP TABLE IF EXISTS `users`;

CREATE TABLE `users` (
  `id` int(10) unsigned NOT NULL AUTO_INCREMENT,
  `name` varchar(191) COLLATE utf8mb4_unicode_ci NOT NULL,
  `email` varchar(191) COLLATE utf8mb4_unicode_ci NOT NULL,
  `email_verified_at` timestamp NULL DEFAULT NULL,
  `password` varchar(191) COLLATE utf8mb4_unicode_ci NOT NULL,
  `remember_token` varchar(100) COLLATE utf8mb4_unicode_ci DEFAULT NULL,
  `created_at` timestamp NULL DEFAULT NULL,
  `updated_at` timestamp NULL DEFAULT NULL,
  `client_id` char(36) COLLATE utf8mb4_unicode_ci DEFAULT NULL,
  PRIMARY KEY (`id`),
  UNIQUE KEY `users_email_unique` (`email`),
  KEY `users_client_id_foreign` (`client_id`),
  CONSTRAINT `users_client_id_foreign` FOREIGN KEY (`client_id`) REFERENCES `clients` (`id`)
) ENGINE=InnoDB DEFAULT CHARSET=utf8mb4 COLLATE=utf8mb4_unicode_ci;

LOCK TABLES `users` WRITE;
/*!40000 ALTER TABLE `users` DISABLE KEYS */;

INSERT INTO `users` (`id`, `name`, `email`, `email_verified_at`, `password`, `remember_token`, `created_at`, `updated_at`, `client_id`)
VALUES
	(1,'Super Admin','super@alisadomain.com',NULL,'$2y$10$sptioJ/B7nyq/E09.SU.QOpuv2OwoN/jqqxKXdVJNjNY9D9ys0pFe',NULL,'2020-03-01 00:48:18','2020-04-10 14:45:26',NULL);

/*!40000 ALTER TABLE `users` ENABLE KEYS */;
UNLOCK TABLES;



/*!40111 SET SQL_NOTES=@OLD_SQL_NOTES */;
/*!40101 SET SQL_MODE=@OLD_SQL_MODE */;
/*!40014 SET FOREIGN_KEY_CHECKS=@OLD_FOREIGN_KEY_CHECKS */;
/*!40101 SET CHARACTER_SET_CLIENT=@OLD_CHARACTER_SET_CLIENT */;
/*!40101 SET CHARACTER_SET_RESULTS=@OLD_CHARACTER_SET_RESULTS */;
/*!40101 SET COLLATION_CONNECTION=@OLD_COLLATION_CONNECTION */;
